QA_text,Category
"##Question: 골프보험 알려줘? ##Answer: 골프장에서의 사고를 대상으로, 자동차 보험과는 다르게  골프에 관련된 위험을 포괄적으로 답보하는 보험으로서, 보상하는 손해는 골프의 연습 또는 경기, 지도 중에 타인의 신체에 장해를 입히거나  타인의 재물을 손괴함으로써 생긴 제3자에 대한 손해배상책임, 자기신체손해, 골프용품의 도난 파손 등의 용품손해, 홀인원/알바트로스를 달성한  경우에 관행상 불가피하게 지출해야 하는 축하회 비용 같은 홀인원 비용등 입니다.","장기보험-물건,사물"
"##Question: 고지의무 알려줘 ##Answer: 보험계약의 체결에 있어서 보험계약자 또는 피보험자가 보험자에 대하여 중요한 사실을 고하지 않거나 중요한 사항에 대하여 부실(不實)한 고지를 하여서는 안 된다는 의무입니다." ,"보험용어"
"##Question: 손해보험과 생명보험의 차이 알려줘 ##Answer: 손해보험은 재산상의 손해를 보험의 목적으로 하며 실손 방식으로 보상함. 생명보험은 사람의 생존과 사망을 보험의 목적으로 하며 정액 방식으로 보상함.제3보험은 상해, 질병, 간병과 관련된 상품을 말하며, 생·손보사에서 모두 판매 가능함." ,"보험용어"
"##Question: 골프클럽하우스의 가입업종 알려줘? ##Answer: 골프클럽하우스의 가입업종은 골프클럽하우스를 적용합니다. 골프클럽하우스 건물 및 골프장 구내에 있는 모든 시설에 대하여 적용합니다.","장기보험-물건,사물"
"##Question: 단체보험 가입자의 개인실손 전환 무심사 조건중 10대 중대질병 알려줘? ##Answer: 단체실손 가입자의 개인실손 전환 무심사 조건 중 10대 중대질병 미발생자가 의미하는 바는 다음과 같습니다. ①암 ②백혈병 ③고혈압 ④협심증 ⑤심근경색 ⑥심장판막증 ⑦간경화증 ⑧뇌졸중증(뇌출혈, 뇌경색) ⑨당뇨병 ⑩에이즈(AIDS)및 HIV보균이 미발생한 자","장기보험-대인,사람"
"##Question: 운전면허 미보유 보험가입 어떻게 하는지 알려줘? ##Answer: 피보험자가 등록증상의 소유자이면, 피보험자의 면허여부는 상관 없이 보험가입 가능합니다.","자동차보험"
"##Question: 일장자가 뭐야? ##Answer:  일장자는 일반보험, 장기보험, 자동차보험을 줄여서 말하는 것으로 보험업계 은어입니다." ,"보험용어"
"##Question: 선물이 뭐야? ##Answer: 파생상품의 한 종류로서 품질, 수량, 규격 등이 표준화되어 있는 상품 또는 금융자산을 미리 결정된 가격으로 미래 일정시점에 인도·인수할 것을 약정한 거래를 말한다." ,"증권용어"
"##Question: 손해보험에 대해 알려줘 ##Answer: 손해보험은 보험사고로  인하여 생길 피보험자의 재산상의 손해를 보상하는 것을 목적으로 하는 보험으로 화재보험, 운송보험, 해상보험, 책임보험 등이 이에 속합니다." ,"보험용어"
"##Question: 손해사정에 대해 알려줘 ##Answer:  손해사정은 손해가 보험의  목적에 부합하는지 여부의 조사와 그 손해액의 결정 및 보상금의 지급 등의 업무 입니다." ,"보험용어"
"##Question: 손해율에 대해 알려줘 ##Answer: 손해율은  발생손해액(보험금지급액)이 경과보험료(차기이후에 속하는 보험료를 제외한 수입보험료)에서 차지하는 비중을 말하며, 생명보험회사의 수익성  지표인 위험보험료 대비 사망보험금 비율과 유사한 개념입니다. 손해율은 손해보험회사의 핵심적인 수익성 지표로서 손익 변동원인 및 손해율  관리의 적정성을 판단하는데 유용할 뿐만 아니라, 경영실적 분석과 보험상품의 요율산출에 있어 기초자료로 사용됩니다." ,"보험용어"
"##Question: 화재손해에 대하여 알려줘 ##Answer:   화재보험에서 정의한 화재 손해는 다음과 같습니다. 1. 사고에 따른 직접손해, 2. 사고에 따른 소방손해(화재진압과정에서 발생하는 손해), 3. 사고에 따른 피난손해(피난지에서 5일 동안에 보험의 목적에 생긴 위 제1호 및 제2호의 손해를 포함합니다), 보험의 목적이 주택 및 이에 수용된 가재일 경우에는 폭발, 파열로 입은 손해도 보상합니다." ,"보험용어"
"##Question: 면책금액 알려줘 ##Answer: 일정금액 이하의 작은 손해에 대해서는 계약자 또는 피보험자가 부담할 것을 설정한 금액을 말합니다." ,"보험용어"
"##Question: 면책조항 알려줘 ##Answer: 보험계약에서, 보험금이 지불되지 않는 경우에 대하여 정한것이며 이것을 면책조항이라고 합니다." ,"보험용어"
"##Question: 사망보험에 대해 알려줘 ##Answer:  피보험자의  사망을 보험사고로 하여 보험금을 지급하는 보험을 일반적으로 사망보험이라 합니다. 사망보험에서는 계약한 때부터 일정기간을 보장하는 정기보험과  계약이 성립된 후 피보험자의 일생을 보장하는 종신보험이 있습니다." ,"장기보험-대인,사람"
"##Question: 수재보험 알려줘 ##Answer:   재보험은  보험회사가 위험분산을 위해서 자사에서 인수한 위험의 일부를 보유하고 그 초과분을 다른 보험회사에게 계약에 의해 인수시키는 행위인데  수재보험은 재보험을 인수하는 회사측에서 본 개념 입니다." ,"보험용어"
"##Question: 사망보험에 대하여 알려줘 ##Answer: 피보험자의  사망을 보험사고로 하여 보험금을 지급하는 보험을 일반적으로 사망보험이라 합니다. 사망보험에서는 계약한 때부터 일정기간을 보장하는 정기보험과  계약이 성립된 후 피보험자의 일생을 보장하는 종신보험이 있습니다." ,"장기보험-대인,사람"
"##Question: 질권설정 알려줘 ##Answer: 보험계약의 대상물건이 이재(罹災)했을 경우 보험금청구권을 피보험자가 타인에게 저당잡히는것을 말합니다." ,"보험용어"
"##Question: 골프보험 알려줘 ##Answer: 골프보험은  골프에 관련된 위험을 포괄적으로 답보하는 보험으로서, 보상하는 손해는 골프의 연습 또는 경기, 지도 중에 타인의 신체에 장해를 입히거나  타인의 재물을 손괴함으로써 생긴 제3자에 대한 손해배상책임, 자기신체손해, 골프용품의 도난 파손 등의 용품손해, 홀인원/알바트로스를 달성한  경우에 관행상 불가피하게 지출해야 하는 축하회 비용 같은 홀인원 비용등 입니다." ,"보험용어"
"##Question: 당뇨보험 3무 최저가입플랜 가입가능 상병 알려줘? ##Answer: 유병자의 당뇨보험(당뇨케어)가입이 가능한 3무 최저플랜은 고혈압, 고지혈증, 백내장, 통풍, 신경통, 신체형장애, 다낭성 난소 증후군, 지방간, 불안증, 우울증, 만성피부질환, 하지정맥류, 레이노병, 비만(BMI지수 28이하)이 가입대상 상병입니다.","장기보험-대인,사람"
"##Question: 실손중복설계 인수요청시 필수기재내용 알려줘? ##Answer: 계약자명, 생년월일, 전화번호, 중복실손 회사명, 중복담보 및 금액, 중복사유(해지예정/단체건/소액유지中1), 전화심사요청여부  입니다","장기보험-대인,사람"
"##Question: 단체보험 가입자의 개인실손 전환 조건 알려줘? ##Answer: 18년 12월 1일부터 적용된 단체실손 가입자의 개인실손전환 조건은 다음과 같습니다. 단체보험 5년이상 가입하고 보험기간 공백이 계약당 1개월, 총 3개월 미만자는 단체보험에 가입중인 보험회사에 개인 실손전환을 신청할 수 있습니다. ","장기보험-대인,사람"
"##Question: 단체보험 가입자의 개인실손 전환 무심사 조건 알려줘? ##Answer: 18년 12월 1일부터 적용된 단체실손 가입자의 개인실손전환 조건은 다음과 같습니다. 단체보험 5년이상 가입하고 보험기간 공백이 계약당 1개월, 총 3개월 미만자는 단체보험에 가입중인 보험회사에 개인 실손전환을 신청할 수 있습니다. 또한 무심사 조건은 다음과 같습니다. ①단체보험에서 실손보험금 200만원 이하, 10대 중대질병 미발생자, ②기 가입중인 보장종목, 보험가입금액 한도내 계약 전환건무심사조건 ①, ②를 충족하지 못한 경우 단독 실손보험으로 안내","장기보험-대인,사람"
"##Question: 실손중복동의서 스캔하는 경우 알려줘? ##Answer: 계약자/피보험자가 미성년자 일경우, 신계약이 법인계약자(단체건)일 경우입니다","장기보험-대인,사람"
"##Question: 실손중복 전화심사 TI하는 경우 알려줘? ##Answer: ①타사 기계약 1개월내 해지예정 또는 단체건②당사 기계약 단체건③당/타사 기계약 1천만원이하 유지예정(단, 09년 10월 이전계약 1건에 한해서)","장기보험-대인,사람"
"##Question: 진사종류 알려줘? ##Answer: 삼성화재의 진사종류 입니다","장기보험-대인,사람"
"##Question: 무진사 조건 알려줘? ##Answer: 삼성화재의 진사조건을 면제받을 수 있는 무진사 조건입니다.","장기보험-대인,사람"
"##Question: 사전조회대상 실손중복 담보 알려줘? ##Answer: 18년 12월 6일부터 적용된 사전조회 대상 실손담보는 장기보험 內 총 14개로 해당담보는 원칙적으로 중복가입이 제한됩니다.자동차사고벌금, 자전거사고벌금, 화재사고벌금, 과실치사상벌금, 변호사선임비용, 교통하고처리지원금, 일상배상책임(가족, 자녀배상 포함), 민사소송법률, 홀인원비용, 가전제품고장수리비용","장기보험-대인,사람"
"##Question: 홀인원 알바트로스 업계한도 알려줘? ##Answer: 홀인원, 알바트로스 담보의 업계 한도는 500만원입니다.","장기보험-대인,사람"
"##Question: 실손형보험 다수가입에 대한 가입자 동의서 찾아줘? ##Answer: 유사 자동차정비업자 대상의 차량정비업자 배상책임 보험가입신청서입니다." ,"장기보험-대인,사람"
"##Question: 차량정비업자 배상책임 보험가입 신청서 찾아줘? ##Answer: 유사 자동차정비업자 대상의 차량정비업자 배상책임 보험가입신청서입니다." ,"장기보험-대인,사람"
"##Question: 재물보험 서베이 신청서 찾아줘? ##Answer: 재물보험 서베이 신청서입니다." ,"장기보험-대인,사람"
"##Question: 재물보험 체크리스트 찾아줘? ##Answer: 재물보험 체크리스트입니다." ,"장기보험-대인,사람"
"##Question: 직업 및 운전차종 확인서 찾아줘? ##Answer: 직업 및 운전차종 확인서입니다.","장기보험-대인,사람"
"##Question: 단체 일괄고지 확인서 찾아줘? ##Answer: 단체 일괄고지 확인서입니다.","장기보험-대인,사람"
"##Question: 적격 단체보험 구성 확인서 찾아줘? ##Answer: 적격 단체보험 구성 확인서입니다." ,"장기보험-대인,사람"
"##Question: 비흡연 고지서 찾아줘? ##Answer: 비흡연 고지서입니다.","장기보험-대인,사람"
"##Question: 이륜차 용도 확인서 찾아줘? ##Answer: 이륜차 용도 확인서입니다." ,"장기보험-대인,사람"
"##Question: 홀인원 알바트로스 무사고 확인서 찾아줘? ##Answer: 홀인원 알바트로스 무사고 확인서입니다.","장기보험-대인,사람"
"##Question: 실명확인 오류 경위서 찾아줘? ##Answer: 실명확인 오류 경위서입니다.","장기보험-대인,사람"
"##Question: 살다보면 체크리스트 찾아줘? ##Answer: 살다보면 상품의 위험평가 체크리스트입니다.","장기보험-대인,사람"
"##Question: 무사고 확인서 찾아줘? ##Answer: 무사고 확인서입니다." ,"장기보험-대인,사람"
"##Question: 위험취미의 면책설명 확인서 찾아줘? ##Answer: 위험취미의 면책설명 확인서입니다." ,"장기보험-대인,사람"
"##Question: 연령진사 면제조건 알려줘? ##Answer: 연령진사 면제조건입니다","장기보험-대인,사람"
"##Question: 유병장수플러스 경증상병 완화대상 알려줘? ##Answer: 유병장수 플러스에서 경증상병 완화대상 리스트 입니다","장기보험-대인,사람"
"##Question: 유병자 실손 경증상병 알려줘? ##Answer: 유병자 실손에서 경증상병 완화대상 리스트 입니다","장기보험-대인,사람"
"##Question: 암담보를 고지기반으로 가입할 수 있는 중증질환 알려줘? ##Answer: 암담보를 고지기반으로 가입검토할 수 있는 상병입니다." ,"장기보험-대인,사람"
"##Question: 암담보를 고지기반으로 가입할 수 있는 상품 알려줘? ##Answer: 새시대건강파트너, 건강플러스 입니다","장기보험-대인,사람"
"##Question: 누적 시뮬레이션 버튼 찾아줘? ##Answer: 누적 시뮬레이션은 가입설계 화면 내 버튼을 눌러 사용하실 수 있습니다","장기보험-대인,사람"
"##Question: B형간염 소견서양식 열어줘? ##Answer: B형간염 1매형 소견서를 찾았습니다.","장기보험-대인,사람"
"##Question: 갑상선기능항진증 소견서양식 열어줘? ##Answer: 갑상선기능항진증 1매형 소견서를 찾았습니다.","장기보험-대인,사람"
"##Question: 갑상선암 소견서양식 열어줘? ##Answer: 갑상선암 1매형 소견서를 찾았습니다.","장기보험-대인,사람"
"##Question: 게실질환 소견서양식 열어줘? ##Answer: 게실질환 1매형 소견서를 찾았습니다.","장기보험-대인,사람"
"##Question: 고지혈증 소견서양식 열어줘? ##Answer: 고지혈증 1매형 소견서를 찾았습니다.","장기보험-대인,사람"
"##Question: 고혈압 소견서양식 열어줘? ##Answer: 고혈압 1매형 소견서를 찾았습니다.","장기보험-대인,사람"
"##Question: 골관절염 소견서양식 열어줘? ##Answer: 골관절염 1매형 소견서를 찾았습니다.","장기보험-대인,사람"
"##Question: 골다공증 소견서양식 열어줘? ##Answer: 골다공증 1매형 소견서를 찾았습니다.","장기보험-대인,사람"
"##Question: 급성중이염 소견서양식 열어줘? ##Answer: 급성중이염 1매형 소견서를 찾았습니다.","장기보험-대인,사람"
"##Question: 기흉 소견서양식 열어줘? ##Answer: 기흉 1매형 소견서를 찾았습니다.","장기보험-대인,사람"
"##Question: 난청 소견서양식 열어줘? ##Answer: 난청 1매형 소견서를 찾았습니다.","장기보험-대인,사람"
"##Question: 녹내장 소견서양식 열어줘? ##Answer: 녹내장 1매형 소견서를 찾았습니다.","장기보험-대인,사람"
"##Question: 다태아 소견서양식 열어줘? ##Answer: 다태아 1매형 소견서를 찾았습니다.","장기보험-대인,사람"
"##Question: 담낭용종 소견서양식 열어줘? ##Answer: 담낭용종 1매형 소견서를 찾았습니다.","장기보험-대인,사람"
"##Question: 담석증 소견서양식 열어줘? ##Answer: 담석증 1매형 소견서를 찾았습니다.","장기보험-대인,사람"
"##Question: 대장용종 소견서양식 열어줘? ##Answer: 대장용종 1매형 소견서를 찾았습니다.","장기보험-대인,사람"
"##Question: 백내장 소견서양식 열어줘? ##Answer: 백내장 1매형 소견서를 찾았습니다.","장기보험-대인,사람"
"##Question: 비용종 소견서양식 열어줘? ##Answer: 비용종 1매형 소견서를 찾았습니다.","장기보험-대인,사람"
"##Question: 신장결석 소견서양식 열어줘? ##Answer: 신장결석 1매형 소견서를 찾았습니다.","장기보험-대인,사람"
"##Question: 실명 소견서양식 열어줘? ##Answer: 실명 1매형 소견서를 찾았습니다.","장기보험-대인,사람"
"##Question: 어깨병터 소견서양식 열어줘? ##Answer: 어깨병터 1매형 소견서를 찾았습니다.","장기보험-대인,사람"
"##Question: 위식도역류질환 소견서양식 열어줘? ##Answer: 위식도역류질환 1매형 소견서를 찾았습니다.","장기보험-대인,사람"
"##Question: 위염 소견서양식 열어줘? ##Answer: 위염 1매형 소견서를 찾았습니다.","장기보험-대인,사람"
"##Question: 자궁근종 소견서양식 열어줘? ##Answer: 자궁근종 1매형 소견서를 찾았습니다.","장기보험-대인,사람"
"##Question: 자궁선근종 소견서양식 열어줘? ##Answer: 자궁선근종 1매형 소견서를 찾았습니다.","장기보험-대인,사람"
"##Question: 전립선비대증 소견서양식 열어줘? ##Answer: 전립선비대증 1매형 소견서를 찾았습니다.","장기보험-대인,사람"
"##Question: 전립선염 소견서양식 열어줘? ##Answer: 전립선염 1매형 소견서를 찾았습니다.","장기보험-대인,사람"
"##Question: 탈장 소견서양식 열어줘? ##Answer: 탈장 1매형 소견서를 찾았습니다.","장기보험-대인,사람"
"##Question: 팔목터널증후군 소견서양식 열어줘? ##Answer: 팔목터널증후군 1매형 소견서를 찾았습니다.","장기보험-대인,사람"
"##Question: 폐결핵 소견서양식 열어줘? ##Answer: 폐결핵 1매형 소견서를 찾았습니다.","장기보험-대인,사람"
"##Question: 하지정맥류 소견서양식 열어줘? ##Answer: 하지정맥류 1매형 소견서를 찾았습니다.","장기보험-대인,사람"
"##Question: 불연재료의 정의 알려줘? ##Answer: 불연재료란 불에 타지 아니하는 성질을 가진 재료로 ?석재?기와?철강?알루미늄?유리?시멘트모르타르 및 회, 기타 이와 유사한 불연성의 재료 이며, -한국산업규격(KS)이 정하는 바에 의하여 시험한 결과 불연재료의 성능기준을 충족하는 것이며 , 그 밖에 불연성의 재료로서 국토교통부장관이 인정하는 재료를 말합니다.","장기보험-물건,사물"
"##Question: 난연재료의 정의 알려줘? ##Answer: 난연재료는 불에 잘 타지 않는 재료로 한국산업규격이 정하는 바에 의하여 시험한 결과로 난연 성능기준을 충족하는 것으로 불연재료처럼 타지 않는 성질과는 약간의 차이가 있습니다. 난연재료는 불연재료가 아닙니다. 화재위험도가 더 높은 재료 입니다.","장기보험-물건,사물"
"##Question: 콘크리트조의 정의 알려줘? ##Answer: 콘크리트조란 철근콘크리트조, 철골철근콘크리트조, 철골콘크리트조, 무근콘크리트조, 프리스트레스트콘크리트조, 프리캐스트콘크리트조 및 경량콘크리트조를 말합니다.","장기보험-물건,사물"
"##Question: 철골철근콘크리트조의 정의 알려줘? ##Answer: 철골철근콘크리트조란 철골주변에 철근을 배근하고 콘크리트를 타설한 구조로 화재보험 측면에서 콘크리트조와 같이 판단하면 됩니다.","장기보험-물건,사물"
"##Question: 내화구조의 정의 알려줘? ##Answer: 내화구조란 불에 강하고, 불이 붙었을 때도 모양의 변형이 없고, 무너지지 않는 구조를 말하며 통상 철근콘크리트조, 콘크리트 벽돌, 조적조, 연와조(붉은벽돌) 등을 말합니다.","장기보험-물건,사물"
"##Question: 내화피복한 내화구조의 필요서류 알려줘? ##Answer: 내화피복 내화구조 필요서류는 한국건설기술연구원의 내화구조인정서와 동 벽체의 현장시공증빙서류가 필요하며 참고적으로 방재시험연구원의 난연성 시험성적서는 인정되지 않습니다.","장기보험-물건,사물"
"##Question: 2급 건물의 종류 알려줘? ##Answer: 2급 건물 종류는 지붕을 제외한 기둥과 외벽이 내화구조로 되어야 하며 지붕은 통상 판넬로 구성되며 스레트일 경우 지붕틀이 철골트러스 이어야 합니다.","장기보험-물건,사물"
"##Question: 방화구획의 정의 알려줘? ##Answer: 방화구획이란 구조의 자립성이 있는 벽, 바닥 및 갑종방화문(자동셔터 포함)으로 일정공간을 구획하는 것으로 아래와 같은 조건을 갖추어야 합니다.기본적으로 내화구조이어야 하며, 풍도(환기,냉 난방용의 닥트)가 방화구획을 관통하는 경우에는 관통부에 자동화댐퍼를 설치하여 하며 그 틈을 시멘트몰탈이나 내화충전재로 메워야 합니다.","장기보험-물건,사물"
"##Question: 1급 구조의 정의 알려줘? ##Answer: 1급 구조란 기둥, 보, 바닥, 지붕(틀), 외벽 모두가 내화구조이어야 합니다.","장기보험-물건,사물"
"##Question: 2급 구조의 정의 알려줘? ##Answer: 2급 구조란 기붕, 보, 바닥, 외벽은 내화구조이며 지붕(틀)은 불연재료이어야 합니다.","장기보험-물건,사물"
"##Question: 3급 구조의 정의 알려줘? ##Answer: 3급 구조란 기둥, 보, 바닥, 지붕(틀), 외벽 모두가 불연구조이어야 합니다.","장기보험-물건,사물"
"##Question: 4급 구조의 정의 알려줘? ##Answer: 4급 구조란 기둥, 보, 바닥, 지붕(틀), 외벽 모두가 내화구조, 불연구조 이외의 기타 다른 구조이어야 합니다.","장기보험-물건,사물"
"##Question: 커트월 구조의 정의 알려줘? ##Answer: 커트월 구조란 유니트화된 비내력 벽체로, 고층 오피스텔이나 사무실건물의 외벽에 설치하는 벽체구조를 말하며, 공장이나 창고의 샌드위치 패널로 제작된 벽체는 해당사항이 없습니다. 외벽의 일부또는 전부가 커튼월 구조로서 그 재료가 불연재료(유리,금속판,인조 대리석 등) 인 경우해당면적을 제외하고 급수 판정을 합니다.","장기보험-물건,사물"
"##Question: 외벽 가연재료의 급수 판정 알려줘? ##Answer: 외벽의 일부가 가연재료로 된 건물로서 그 부분이 전체 외벽 면적의 10% 이하인 경우만 그 부분을 제외하고 급수 판정을 합니다. 단, 단위면적 자체가 늘어난 경우는 가연재료로 인정하고 판정합니다.","장기보험-물건,사물"
"##Question: 무벽건물의 급수 판정 알려줘? ##Answer: 무벽건물이란 외벽의 50% 이상이 결여된 건물로 주요 구조부가 내화구조인 것은 1급, 지붕을 제외한 주요 구조부가 불연재료인 경우 2급, 기타의 구조는 4급입니다.","장기보험-물건,사물"
"##Question: 주유소 캐노피의 급수 판정 알려줘? ##Answer: 주유소 캐노피는 무벽건물로 불연재료 또는 내화재료로 건축되었다면 무벽건물 기준에 따라 2급으로 판정합니다. 주유소를 제외한 그 외의 기둥 외벽 지붕을 갖춘 구조는 기본 건물 급수 산정에 기준에 따라 평가합니다.","장기보험-물건,사물"
"##Question: 옥외설비의 정의 알려줘? ##Answer: 옥외설비란 주로 건물 이외에 굴뚝, 기계장치, 저장탱크 등을 일컫습니다.","장기보험-물건,사물"
"##Question: 옥외설비의 급수 판정 알려줘? ##Answer: 옥외설비 및 장치가 전부 내화구조이면 1급, 불연재료로 만들었으면 2급, 그 밖의 가연재료를 사용하면 4급으로 처리합니다.","장기보험-물건,사물"
"##Question: 하나의 건물의 급수 판정 알려줘? ##Answer: 하나의 건물이란 건물의 외벽, 기둥, 보, 지붕(지붕틀 포함)의 어느 한 부분이라도 다른 건물과 이어지지 않고 모두 독립된 건물을 말합니다.①통로로만 사용되는 복도로서 접속되는 건물과 공통의 보, 지붕(지붙틀 포함)을 갖지 않는것 ②달아낸 지붕 ③콘크리트 지붕 옥상에 설치된 건물은 각각 독립된 하나의 건물로 봅니다.","장기보험-물건,사물"
"##Question: 지붕 건물의 급수 판정 알려줘? ##Answer: 지붕 건물이란 건물 전체가 하나의 지붕으로 연결되어 있는 구조이며 달아낸 지붕과는 다른 구조입니다. 해당건물은 전체가 하나의 건물로 판단합니다.","장기보험-물건,사물"
"##Question: 이격 건물의 급수 판정 알려줘? ##Answer: 방화구획이 되어 있는 건물은 각각 급수를 산정하며 조금이라도 이격이 되어 있으면 각각의 건물입니다. 단, 방화구획 구분시 다른 구조도 내화구조이어야 합니다. ","장기보험-물건,사물"
"##Question: 복합구조 건물의 급수 판정 알려줘? ##Answer: 복합구조 건물이 하나의 건물이라고 판정이 되면 열급으로 판정합니다. 장기보험에서는 복합구조로 판정하지 않습니다. 예를 들어 3급, 4급 건물 연결시 4급으로 판정합니다.","장기보험-물건,사물"
"##Question: 3급 건물간 방화 구획의 인정 여부 알려줘? ##Answer: 3급 건물은 내화구조가 아닌 구조로 방화구획을 인정하지 않습니다.","장기보험-물건,사물"
"##Question: 단독주택의 가입업종 알려줘? ##Answer: 주택 공간이 4개층 이하의 건물로 건물 전체를 하나의 등기로 하여야 하며, 건축물대장상 명칭은 단독 주택, 다중주택, 다가구 주택(다세대 제외)인 경우 가입업종은 단독주택을 적용합니다.","장기보험-물건,사물"
"##Question: 연립주택의 가입업종 알려줘? ##Answer: 주택 공간이 4개층 이하의 건물로 건물을 각각 소유자가 개별 등기로 하여야 하며, 건축물대장상 명칭이 연립주택, 다세대주택(다가구 제외)인 경우가입업종은 연립주택을 적용합니다.","장기보험-물건,사물"
"##Question: 아파트의 가입업종 알려줘? ##Answer: 아파트란 주택 공간이 5개층이상인 건물로 건축물대장상 아파트로 표기 되며 아파트 단지내 상가를 제외한 구내의 부대시설 또는 복리시설까지 포함해서 적용합니다. 다만, 아파트의 부대시설 중 관리사무소, 주차장, 담장, 어린이놀이터, 경로당을 제외한 기타 복리시설은 일반물건 직업종별요율을 준용합니다.","장기보험-물건,사물"
"##Question: 주상복합건물의 특례 알려줘? ##Answer: [주상복한건물 특례]①주상복합건물(아파트)은 방화구획여부에 관계없이 주거용도 부분은 주택물건으로서 주택화재보험요율을 적용하고, 상업용도 부분은 일반물건으로서 일반물건요율을 적용합니다. ②주상복합아파트의 경우 아파트의 부대시설(관리사무소, 주차장, 담장, 어린이놀이터, 경로당)을 제외한 기타 복리시설은 해당하는 일반물건 직업종별요율을 준용합니다. ③주차장이 주거 및 상업용도 공동으로 사용되는 경우에는 일반물건으로 보아 일반물건 주차전용건물요율을 적용합니다.","장기보험-물건,사물"
"##Question: 도시형생활주택의 가입업종 알려줘? ##Answer: 도시형 생활주택의 정확한 화재요율은 없으므로 가입업종은 요율서상의 기준을 준용합니다.① 오피스텔 허가인 경우는 오피스텔을 적용 ② 도시형생활주택으로 허가 및 사용하는 층이 5개층 이상인 경우 아파트로 적용 ③ 4개층이하의 전체등기되는 건물의 경우 단독주택을 적용","장기보험-물건,사물"
"##Question: 휴게음식점의 가입업종 알려줘? ##Answer: 휴게음식점의 가입업종은 휴게음식점을 적용합니다.휴게음식점이라 함은 음식류를 조리·판매하는 곳으로서 음주행위가 허용되지 않는 것(다방, 제과점, 건강원, 방앗간, 떡집 등)을 말합니다. 다만, 편의점, 슈퍼마켓, 만화방, PC방 등 부수적으로 음식류를 판매하는 경우는 휴게음식점이 아닌 본래의 업종을 적용합니다.","장기보험-물건,사물"
"##Question: 일반음식점의 가입업종 알려줘? ##Answer: 일반음식점의 가입업종은 일반음식점을 적용합니다.일반음식점은 음식류를 조리·판매하는 곳으로서 식사와 함께 부수적으로 음주행위가 허용되는 것(대중음식점, 전문음식점, 간이주점 등)을 말합니다. 간이주점은 접객시설을 갖추고 대중에게 술과 이에 따른 요리를 판매하는 소주방, 호프집, 막걸리집, 토속주점 등으로서 단란주점, 일반 및 무도유흥주점이 아닌 것을 말합니다.","장기보험-물건,사물"
"##Question: 미용실의 가입업종 알려줘? ##Answer: 미용실 가입업종은 이용원, 미용원을 적용합니다.해당 요율은 이발소, 이용원, 미장원, 뷰티살롱, 화장술제공업, 손·발관리업 등에 적용합니다.단, 손발 이외의 전신관리를 하면 대중탕 업종을 적용합니다.","장기보험-물건,사물"
"##Question: 드라이클리닝을 포함하는 세탁소의 가입업종 알려줘? ##Answer: 드라이클리닝 포함 세탁소의 가입업종은 세탁소(드라이클리닝)를 적용합니다.드라이클리닝을 하지 않고 세탁물의 수집 및 드라이클리닝 없는 빨래방 등은 세탁소(기타) 업종을 선택하셔야 합니다. 찜질방 등의 세탁물을 대량으로 수거하여 산업및 상업사용자를 대상으로 산업 및 상업용 세탁물을 세탁하거나 타월, 냅킨, 식탁보, 가운, 기저귀 및 기타 린넨제품, 의복등을 반복적으로 세탁 공급하는 곳은 [세탁] 업종을 적용합니다.","장기보험-물건,사물"
"##Question: 드라이클리닝을 미포함하는 세탁소의 가입업종 알려줘? ##Answer: 드라이클리닝 미포함 세탁소의 가입업종은 세탁소(기타)를 적용합니다. 가정용 세탁업에만 적용합니다. 단, 드라이 클리닝을 하는 곳은 세탁소(드라이클리닝)을 적용합니다. 찜질방 등의 세탁물을 대량으로 수거하여 산업및 상업사용자를 대상으로 산업 및 상업용 세탁물을 세탁하거나 타월, 냅킨, 식탁보, 가운, 기저귀 및 기타 린넨제품, 의복등을 반복적으로 세탁 공급하는 곳은 [세탁] 업종을 적용합니다.","장기보험-물건,사물"
"##Question: 상업사용자의 세탁물을 세탁하는 곳 가입업종 알려줘? ##Answer: 상업사용자의 세탁물을 세탁하는 곳의 가입업종은 세탁을 적용합니다. 산업용 세탁업으로 공장물건 업종입니다. 찜질방 등의 세탁물을 대량으로 수거하여 산업 및 상업사용자를 대상으로 산업 및 상업용 세탁물을 세탁하거나 타월, 냅킨, 식탁보, 가운, 기저귀 및 기타 린넨제품, 의복 등을 반복적으로 세탁 공급하는 곳은 세탁 업종을 적용합니다.","장기보험-물건,사물"
"##Question: 동네 병원의 가입업종 알려줘? ##Answer: 동네 병원의 가입업종은 의원, 치과의원, 한의원, 침술원, 조산소, 보건소을 적용합니다.참고적으로 의료시설은 ‘의료법’ 제3조의2(병원등) 규정에 의한 병원이 해당되며 의원과 병원의 차이는 30개 이상의 병상(병원, 한방병원만 해당) 또는 요양병상(요양병원만 해당하며, 장기입원이 필요한 환자를 대상으로 의료행위를 하기 위하여 설치한 병상)을 갖추고 있으면 의료시설을 적용하고, 그 외에는 의원으로 적용합니다.","장기보험-물건,사물"
"##Question: 병원의 가입업종 알려줘? ##Answer: 병원의 가입업종은 종합병원, 한방병원, 정신병원, 격리병원에 적용하며 병원 구내 제반구내 시설 전부에 적용합니다. 단, 별동의 장례식장은 예식장 업종을 적용합니다.","장기보험-물건,사물"
"##Question: 가정용품 수리점의 가입업종 알려줘? ##Answer: 가정용품 수리점의 가입업종은 수리점을 적용합니다.이 요율은 제품을 제조하지 않고 개인 및 가정용품을 전문적으로 수리·유지하는 수리점에 대하여 적용합니다.(다른 기타 전자제품 이외의 목적물은 해당업종을 적용할 수 없다.)","장기보험-물건,사물"
"##Question: 사진관의 가입업종 알려줘? ##Answer: 사진관의 가입업종은 사진관, 표구점을 적용합니다.","장기보험-물건,사물"
"##Question: 동물병원의 가입업종 알려줘? ##Answer: 동물병원의 가입업종은 동물병원을 적용합니다.","장기보험-물건,사물"
"##Question: 의약품 보관하는 곳의 가입업종 알려줘? ##Answer: 의약품의 가입업종은 보통품 창고를 적용합니다.판매거래를 위한 사무실만 의약품도매점을 적용하며 보관하는 곳은 보통품 창고를 적용합니다.","장기보험-물건,사물"
"##Question: 자동차 판매점의 가입업종 알려줘? ##Answer: 자동차 판매점의 가입업종은 자동차 영업소를 적용합니다.","장기보험-물건,사물"
"##Question: 사찰의 가입업종 알려줘? ##Answer: 사찰의 가입업종은 사찰을 적용합니다.","장기보험-물건,사물"
"##Question: 점집의 가입업종 알려줘? ##Answer: 점집의 가입업종은 수도장(수녀원,수도원,제실,사당 등)을 적용합니다.","장기보험-물건,사물"
"##Question: 어린이집의 가입업종 알려줘? ##Answer: 어린이집의 가입업종은 아동시설을 적용합니다.아파트 단지내 어린이집도 아동시설을 적용합니다. 단, 학교병설 유치원은 학교를 적용합니다.","장기보험-물건,사물"
"##Question: 노인시설의 가입업종 알려줘? ##Answer: 노인시설의 가입업종은 노인복지시설(노인복지시설, 노인복지회관, 경로당 등) 적용합니다. 단, 노인전문병원은 의료시설을 적용합니다.","장기보험-물건,사물"
"##Question: 노숙인 복지시설의 가입업종 알려줘? ##Answer: 노숙인 복지시설의 가입업종은 상기이외의사회복지시설및근로복지시설을 적용합니다.","장기보험-물건,사물"
"##Question: 장애인 복지시설의 가입업종 알려줘? ##Answer: 장애인 복지시설의 가입업종은 상기이외의사회복지시설및근로복지시설을 적용합니다.","장기보험-물건,사물"
"##Question: 청소년 수련시설의 가입업종 알려줘? ##Answer: 청소년 수련시설 가입업종은 청소년수련시설(청소년수련원, 수련관, 수련시설 등)을 적용합니다.","장기보험-물건,사물"
"##Question: 초등학교의 가입업종 알려줘? ##Answer: 초등학교의 가입업종은 학교(초, 중, 고, 전문, 대학교 등)를 적용합니다. 이 요율은 학교구내의 제반 부대시설(연구소 포함)에 대하여도 적용합니다. 다만, 의료시설은 해당 직업종별요율을 적용합니다.","장기보험-물건,사물"
"##Question: 직업훈련원의 가입업종 알려줘? ##Answer: 직원훈련원 가입업종은 직업훈련원, 직업전문학교을 적용합니다.직업훈련원이나 직업전문학교는 근로자직업능력개발법의 직업능력개발훈련시설을 말합니다.","장기보험-물건,사물"
"##Question: 영어학원의 가입업종 알려줘? ##Answer: 영어학원의 가입업종은 학원(정비학원 제외)을 적용합니다. 단, 학교와 도서관, 사업장의 직원연수시설, 직원능력개발훈련시설, 정비학원은 제외합니다. 또한 요가학원과 무도학원의 경우 「체육시설의 설치?이용에 관한 법률」에 따른 체육시설로 체력단련 업종으로 적용합니다.","장기보험-물건,사물"
"##Question: 숙박하지 않는 독서실의 가입업종 알려줘? ##Answer: 숙박하지 않는 독서실의 가입업종은 학원을 적용합니다.단, 숙박형 독서실의 경우 여관을 적용합니다.","장기보험-물건,사물"
"##Question: 숙박형 독서실의 가입업종 알려줘? ##Answer: 숙박형 독서실의 가입업종은 여관을 적용합니다. 단, 숙박형이 아닌경우는 학원을 적용합니다.","장기보험-물건,사물"
"##Question: 헬스장의 가입업종 알려줘? ##Answer: 헬스장의 가입업종은 체력단련을 적용합니다." ,"장기보험-물건,사물"
"##Question: 스크린골프장의 가입업종 알려줘? ##Answer: 스크린골프장의 가입업종은 스크린골프장을 적용합니다.","장기보험-물건,사물"
"##Question: 스크린야구장의 가입업종 알려줘? ##Answer: 스크린야구장의 가입업종은 스크린골프장을 준용하여 적용합니다.","장기보험-물건,사물"
"##Question: 당구장의 가입업종 알려줘? ##Answer: 당구장의 가입업종은 당구장을 적용합니다.","장기보험-물건,사물"
"##Question: 사격장의 가입업종 알려줘? ##Answer: 사격장의 가입업종은 사격장을 적용합니다.","장기보험-물건,사물"
"##Question: 볼링장의 가입업종 알려줘? ##Answer: 볼링장의 가입업종은 볼링장을 적용합니다.","장기보험-물건,사물"
"##Question: 사무실의 가입업종 알려줘? ##Answer: 사무실의 가입업종은 일반업무시설(빌딩임대)을 적용합니다. 단, 공장내 사무실은 공장업종을 적용합니다.","장기보험-물건,사물"
"##Question: 오피스텔의 가입업종 알려줘? ##Answer: 오피스텔의 가입업종은 오피스텔을 적용합니다. 주거전용 여부에 관계 없이 허가 기준으로 오피스텔에 따라 적용합니다. 부속 관리사무소. 경비실도 동일 오피스텔 요율을 적용합니다.","장기보험-물건,사물"
"##Question: 정부기관의 사무실 가입업종 알려줘? ##Answer: 정부기관의 가입업종은 공공업무시설을 적용합니다.","장기보험-물건,사물"
"##Question: 관광호텔의 가입업종 알려줘? ##Answer: 관광호텔의 가입업종은 호텔(관광호텔,가족호텔,국민호텔등)을 적용합니다. 관광 숙박업상 허가된 호텔만 가능합니다. 공중위생관리법상 허가와 다릅니다. 단순 상호가 ㅇㅇ 호텔이라고 해서 호텔업종을 적용하지 않습니다. 꼭 허가사항을 확인하세요. 호텔 內 모든 시설에도 적용하나 유흥주점, 단란주점은 해당업종 요율을 적용합니다.","장기보험-물건,사물"
"##Question: 여관의 가입업종 알려줘? ##Answer: 여관의 가입업종은 여관, 여인숙, 유스호스텔을 적용합니다. 해당 요율은 호텔, 휴양콘도미니엄, 기숙사 이외의 숙박시설에 대하여 적용합니다.","장기보험-물건,사물"
"##Question: 콘도의 가입업종 알려줘? ##Answer: 콘도의 가입업종은 휴양콘도미니엄을 적용합니다. 휴양콘도미니엄은 관광객의 숙박과 취사에 적합한 시설을 갖추고, 회원이나 공유자, 그 밖의 관광객에게 제공하거나 숙박에 딸리는 음식?운동?오락?휴양?공연 또는연수에 적합한 시설 등을 함께 갖추어 이를 이용할 수 있는 것을 말합니다.","장기보험-물건,사물"
"##Question: 기숙사의 가입업종 알려줘? ##Answer: 단독으로 사업자를 내고 기숙사업을 영위하는 곳은 기숙사를 적용합니다. 단, 공장건물의 구내외 부속시설인 경우는 공장업종을 적용합니다.","장기보험-물건,사물"
"##Question: 편의점의 가입업종 알려줘? ##Answer: 편의점의 가입업종은 소형판매시설을 적용합니다. 판매용도로 사용되는 면적이 1,000㎡ 미만인 판매시설을 말합니다. 대여점에도 적용합니다. 그 밖의 전문판매점(도료 페인트, 목재가구점, 화약판매점)은 별도의 요율을 적용합니다. 그리고 도매상에 대해서는 창고업을 적용합니다. 그리고 시장내 판매점은 시장을 적용하셔야 합니다. BOP도 동일하게 시장 적용됩니다.","장기보험-물건,사물"
"##Question: 판매면적 합산 1,000㎡ 이상인 판매점의 가입업종 알려줘? ##Answer: 판매면적 합산 1,000㎡ 이상인 판매점의 가입업종은 일반판매시설을 적용합니다. 단, 대규모점포개설등록이 없는 판매시설을 말합니다. 건축물대장의 판매시설 면적을 확인하고 통상 심사자가 특수건물 현황이나 건축물대장을 보고 판단합니다.","장기보험-물건,사물"
"##Question: 판매면적 합산 3,000㎡ 이상인 판매점의 가입업종 알려줘? ##Answer: 판매면적 합산 3,000㎡ 이상인 판매점의 가입업종은 대형판매시설을 적용합니다. 유통산업발전법에 의하여 개설·등록된 대규모 점포 중 시장을 제외한 대형점(양판점, 할인점, 전문점, 편의점 등), 백화점, 쇼핑센터, 도매센터 및 기타 대규모 점포 등을 말합니다. 통상 심사자가 특수건물을 확인하여 검토합니다. 이 요율은 동 건물내에 소재한 모든 판매시설과 근린생활시설에 적용합니다.","장기보험-물건,사물"
"##Question: 전통시장의 가입업종 알려줘? ##Answer: 전통시장의 가입업종은 시장을 적용합니다. 시장이란 다수의 점포에 도매업/소매업 및 용역업이 혼재한 형태로 운영되는 점포의 집단을 말합니다. 시장 영업장내에 소재한 모든 판매시설과 근린생활시설에 대하여 적용합니다." ,"장기보험-물건,사물"
"##Question: 노루표 페인트 점의 가입업종 알려줘? ##Answer: 노루표 페인트의 가입업종은 도료, 페인트(간판상 포함) 및 바니스판매점을 적용합니다. 단, 간판을 주문제작하는 곳은 간판상 요율이 아니라 공장 업종을 적용하는 곳으로 업종 컨설팅 시스템을 활용하세요.","장기보험-물건,사물"
"##Question: 가구점의 가입업종 알려줘? ##Answer: 가구점의 가입업종은 목재가구 및 목제품 판매점을 적용합니다.","장기보험-물건,사물"
"##Question: 목재품의 전용창고의 가입업종 알려줘? ##Answer: 목재품의 가입업종은 목재가구 및 목제품 판매점을 적용합니다. 보관을 한다고해서 창고가 아닙니다. 목재품 보관은 목재가구 및 목재품판매점을 적용합니다.","장기보험-물건,사물"
"##Question: 이불 판매점의 가입업종 알려줘? ##Answer: 이불 판매점의 가입업종은 소형판매시설을 적용합니다. 요즘의 이불가게는 이불만 파는 게 아니라 각종 인테리어소품을 함께 파는 곳으로 소형판매시설을 적용합니다.","장기보험-물건,사물"
"##Question: 나이트 클럽의 가입업종 알려줘? ##Answer: 나이트 클럽의 가입업종은 유흥주점을 적용합니다.유흥주점이란 주로 주류를 조리·판매하는 영업으로서 유흥종사자를 두거나 유흥시설 (춤을 출 수 있도록 설치한 무도장)을 설치하고, 손님이 노래를 부르거나 춤을 추는 행위가 허용되는 곳으로서 요정, 룸싸롱, 비어홀, 카바레, 나이트클럽, 극장식 주점(식당) 등을 말합니다. 관광진흥법상의 관광유흥음식점, 관광극장유흥업장, 외국인전용 유흥음식점은 식품위생법상의 유흥주점으로 보면 됩니다.","장기보험-물건,사물"
"##Question: 단란주점의 가입업종 알려줘? ##Answer: 단란주점의 가입업종은 단란주점을 적용합니다.단란주점은 주로 주류를 조리·판매하는 영업으로서 손님이 노래를 부르는 행위가 허용되는 곳을 말합니다.","장기보험-물건,사물"
"##Question: 노래연습장의 가입업종 알려줘? ##Answer: 노래연습장의 가입업종은 비디오물감상실, 전화방, 화상대화방, 노래연습장을 적용합니다.'노래연습장업’이란 연주자를 두지 아니하고 반주에 맞추어 노래를 부를 수 있도록 하는 영상 또는 무영상 반주장치 등의 시설을 갖추고 공중의 이용에 제공하는 영업을 말합니다.(주류판매금지)(음악산업진흥에 관한 법률 제2조)","장기보험-물건,사물"
"##Question: 목욕탕의 가입업종 알려줘? ##Answer: 목욕탕의 가입업종은 대중탕을 적용합니다.","장기보험-물건,사물"
"##Question: 찜질방의 가입업종 알려줘? ##Answer: 찜질방의 가입업종은 찜질방을 적용합니다.","장기보험-물건,사물"
"##Question: pc방의 가입업종 알려줘? ##Answer: PC방의 가입업종은 컴퓨터게임장(전자오락실, 전자경마장 등), PC방 적용합니다.‘컴퓨터게임장’은 게임제공장으로, PC방은 인터넷컴퓨터게임시설제공장으로 보면 됩니다.'게임제공장'은 공중에게 게임물을 이용할 수 있도록 이를 제공하는 곳을 말하며, 청소년과 일반 게임제공장으로 나누어집니다.‘인터넷컴퓨터게임시설제공장(PC방)’이란 컴퓨터 등 필요한 기자재를 갖추고 공중이 게임물을 이용하게 하거나 부수적으로 그 밖의 정보제공물을 이용하도록 한 곳 입니다.","장기보험-물건,사물"
"##Question: 카지노의 가입업종 알려줘? ##Answer: 카지노의 가입업종은 카지노, 투전기업소를 적용합니다.","장기보험-물건,사물"
"##Question: 영화관의 가입업종 알려줘? ##Answer: 영화관의 가입업종은 공연장(극장, 영화관, 비디오물소극장 등)을 적용합니다.공연이라 함은 음악?무용?연극?연예?국악?곡예 등 예술적 관람물을 실연에 의하여 공중에게 관람하도록 하는 행위를 말합니다. 다만, 상품판매 또는 선전에 부수한 공연은 제외합니다.","장기보험-물건,사물"
"##Question: 집회장의 가입업종 알려줘? ##Answer: 집회장의 가입업종은 집회장(회의장, 공회장 등)을 적용합니다.","장기보험-물건,사물"
"##Question: 예식장의 가입업종 알려줘? ##Answer: 예식장의 가입업종은 예식장(결혼식장, 장례식장 등)을 적용합니다.요율은 병원구내에 별동으로 소재한 장례식장에 대하여도 적용합니다.예식장 건물 내에 소재한 제반 부대시설에 대해서도 이 요율을 적용합니다.예식장내 부페 등 식당에 대한 적용은 예식에 수반되어 운영되는 뷔페 등 식당은 부대시설로 볼 수 있으나, 예식의 실시와 상관없이 상설로 운영되는 뷔페식당은 일반음식점 요율을 적용합니다.","장기보험-물건,사물"
"##Question: 관람장의 가입업종 알려줘? ##Answer: 관람장의 가입업종은 관람장(경마장, 경륜장, 경정장, 자동차경주장등)을 적용합니다.‘경륜’이란 자전거 경주에 대한 승자투표권을 발매하고 승자투표 적중자에게 환급금을내주는 행위를 말합니다.‘경정’이란 모터보트 경주에 대한 승자투표권을 발매하고 승자투표 적중자에게 환급금을 내주는 행위를 말합니다. ‘경마’라 함은 기수가 기승한 말의 경주에 승마투표권을 발매하고, 승마적중자에게 환급금을 교부하는 행위를 말합니다.","장기보험-물건,사물"
"##Question: 박람회장의 가입업종 알려줘? ##Answer: 박람회장의 가입업종은 박람회장및사업전시장을 적용합니다.‘박람회장’은 대전, 여수세계박람회장과 같은 박람회장과 부대시설을 말합니다.","장기보험-물건,사물"
"##Question: 박물관의 가입업종 알려줘? ##Answer: 박물관의 가입업종은 박물관, 미술관, 과학관, 기념관을 적용합니다.박물관에는 이와 유사한 자료관, 사료관, 유물관, 전시장, 전시관, 향토관, 교육관, 문서관, 기념관, 보존소, 민속관, 민속촌, 문화관, 예술관, 문화의 집을 포함하나, 관련 위락시설(유원시설)이나 관광편의시설은 별개로 적용해야 합니다.","장기보험-물건,사물"
"##Question: 동물원의 가입업종 알려줘? ##Answer: 동물원의 가입업종은 동식물원(동물원, 식물원, 수족관 등)을 적용합니다.'동?식물원’은 일반대중이 관람할 수 있도록 산 식물 및 동물을 일정시설에서 보존?관리하는 시설을 말하며, 관람목적의 수족관시설을 포함하거나 별개로 운영하는 경우 적용합니다.","장기보험-물건,사물"
"##Question: 모델하우스의 가입업종 알려줘? ##Answer: 모델하우스의 가입업종은 모델하우스를 적용합니다.","장기보험-물건,사물"
"##Question: 창고시설의 가입업종 알려줘? ##Answer: 창고시설의 가입업종은 보통품창고를 적용합니다.","장기보험-물건,사물"
"##Question: 주유소의 가입업종 알려줘? ##Answer: 주유소의 가입업종은 지하저유탱크가 있는 가솔린판매소 및 취급소를 적용합니다.","장기보험-물건,사물"
"##Question: 주유소를 제외한 석유제품을 판매하는 곳의 가입업종 알려줘? ##Answer: 주유소를 제외한 석유대리점의 가입업종은 기타 석유제품(가스류 제외) 판매소 및 취급소 적용합니다.석유제품은 휘발유, 등유, 경유, 중유 등을 말합니다.","장기보험-물건,사물"
"##Question: 차량용 LPG 충전소의 가입업종 알려줘? ##Answer: 차량용 LPG 충전소의 가입업종은 가스류 취급소 및 판매소를 적용합니다그러나 다른 충전사업 용기충전사업, 소형용기충전사업 및 가스난방기용기 충전사업은공장물건을 적용해야 하며, 천연가스충전소(CNG)는 심사자와 협의가 필요합니다.(액화석유가스의 안전관리 및 사업법)","장기보험-물건,사물"
"##Question: 유해성이 있는 화학물질을 취급 하는 곳의 가입업종 알려줘? ##Answer: 위험물 취급소의 가입업종은 위험물 및 유독물 취급·저장소를 적용합니다. 이 요율은 원유, 위험물 및 유독물 취급소·저장소(주유소, 석유류, 가스류 취급소 및 판매소 제외)의 구내시설 전부에 대하여 적용한다.","장기보험-물건,사물"
"##Question: 여객자동차터미널의 가입업종 알려줘? ##Answer: 여객자동차터미널의 가입업종은 여객자동차터미널, 철도, 공항시설, 항만시설등 적용합니다. 이 요율은 상기 시설의 여객 및 화물터미널 건물과 동 건물내의 부대 편의시설(근린 생활시설, 일용품 등의 소매점)에 대하여 적용하며, 구내에 소재한 기타 시설에 대해서는 건물 단위로 용도에 따라 해당하는 요율을 적용합니다.","장기보험-물건,사물"
"##Question: 항공기 격납고의 가입업종 알려줘? ##Answer: 항공기 격납고의 가입업종은 항공기 격납고를 적용합니다. 그러나 수선시에는 공장물건 항공기제조를 적용해야 합니다","장기보험-물건,사물"
"##Question: 주차전용건물의 가입업종 알려줘? ##Answer: 주차전용건물의 가입업종은 주차전용건물을 적용합니다. 주차전용건물이란 「주차장법 제2조」 주차전용건축물과 동일한 개념으로서 건축물의 연면적 중 주차장으로 사용되는 부분의 비율이 95퍼센트 이상인 것을 말합니다.","장기보험-물건,사물"
"##Question: 폐차장의 가입업종 알려줘? ##Answer: 폐차장의 가입업종은 폐차장을 적용합니다‘자동차폐차업’은 ‘자동차해체재활용업’으로 2009년 2월 6일 법개정으로 용어가 바뀌었으며, 폐차 요청된 자동차(이륜자동차 제외)의 인수, 재사용 가능한 부품의 회수, 폐차 및 말소등록신청의 대행을 업으로 하는 것을 말한다.","장기보험-물건,사물"
"##Question: 세차장의 가입업종 알려줘? ##Answer: 세차장의가입업종은 세차장을 적용합니다.","장기보험-물건,사물"
"##Question: 중고차 매매하는 곳의 가입업종 알려줘? ##Answer: 중고차 매매소의 가입업종은 매매장을 적용합니다.","장기보험-물건,사물"
"##Question: 경정비 하는 곳의 가입업종 알려줘? ##Answer: 경정비소의 가입업종은 검사장, 경정비업소를 적용합니다자동차 부분,전문 정비업에 적용하며. 소형자동차정비업과 종합자동차정비업은 공장물건을 적용해야 합니다","장기보험-물건,사물"
"##Question: 자동차 정비학원의 가입업종 알려줘? ##Answer: 자동차 정비학원의 가입업종은 정비학원을 적용합니다 단, 정비공장은 공장물건요율을 적용합니다","장기보험-물건,사물"
"##Question: 우사의 가입업종 알려줘? ##Answer: 우사의 가입업종은 축사(잠사포함), 동물검역소를 적용합니다.","장기보험-물건,사물"
"##Question: 부화장의 가입업종 알려줘? ##Answer: 부화장의 가입업종은 부화장을 적용합니다","장기보험-물건,사물"
"##Question: 고물상의 가입업종 알려줘? ##Answer: 고물상의 가입업종은 고물상을 적용합니다.재생할 수 있는 고물 및 스크랩을 수집, 판매하는 사업장이며, 분쇄 등의 가공작업을 포함하지 않는다","장기보험-물건,사물"
"##Question: 폐 플라스틱을 보관하는 곳의 가입업종 알려줘? ##Answer: 폐 플라스틱 보관소의 가입업종은 폐기물재활용시설을 적용합니다.단, 소각, 증발?농축, 고형화, 정제 등의 다른 공정을 포함하는 경우가 있어 공장물건의 해당 공장종별 요율을 적용해야 합니다.","장기보험-물건,사물"
"##Question: 버섯재배시설의 가입업종 알려줘? ##Answer: 버섯재배시설의 가입업종은 버섯재배실, 종묘배양시설을 적용합니다.","장기보험-물건,사물"
"##Question: 화초재배시설의 가입업종 알려줘? ##Answer: 화초재배시설의 가입업종은 화초및 분재 등의 온실을 적용합니다.단, 식물원 구내 설치된 온실은 관람시설로 사용여부에 따라 적용 직업종별이 달라질 수 있어 식물원으로 사용하는 온실의 경우 동?식물원을 적용합니다.","장기보험-물건,사물"
"##Question: 방송을 하기 위하여 설치한 무선국의 가입업종 알려줘? ##Answer: 방송 무선국의 가입업종은 텔레비젼방송국을 적용합니다.","장기보험-물건,사물"
"##Question: 중계방송국의 가입업종 알려줘? ##Answer: 중계방송국의 가입업종은 기타 방송국을 적용합니다","장기보험-물건,사물"
"##Question: 전화국의 가입업종 알려줘? ##Answer: 전화국의 가입업종은 전신전화국을 적용합니다.전신전화국은 전화교환 및 전화가설 등의 업무를 취급 하는 시설을 말한다.","장기보험-물건,사물"
"##Question: 촬영하는 세트장의 가입업종 알려줘? ##Answer: 촬영세트장의 가입업종은 촬영소를 적용합니다","장기보험-물건,사물"
"##Question: 영화 제작에 관련된 필름 가공을 하는 곳의 가입업종 알려줘? ##Answer: 영화 제작 필름 가공소의 가입업종은 영화 현상소를 적용합니다.영화 현상소는 일반 또는 광고영화 제작에 관련된 필름 가공, 필름의 편집 및 복제(영화필름), 필름검사 등의 서비스를 하는 시설입니다","장기보험-물건,사물"
"##Question: 화장장의 가입업종 알려줘? ##Answer: 화장장의 가입업종은 화장장을 적용합니다.화장시설(화장장)이란 시체나 유골을 화장하기 위한 시설로 공설 및 사설화장장이 있습니다","장기보험-물건,사물"
"##Question: 납골당의 가입업종 알려줘? ##Answer: 납골당의 가입업종은 납골당을 적용합니다.봉안시설(납골당)은 봉안묘, 봉안당, 봉안탑 등 유골을 안치(매장은 제외)하는 시설을 말합니다.","장기보험-물건,사물"
"##Question: 할인할증의 평가 적용단위 알려줘? ##Answer: [할인할증의 평가 적용단위]는 표준등급(할인할증) 적용시 개인용, 개인소유 업무용 소형차는 '사람'을 따라가고, 개인소유 업무용 소형차를 제외한 업무용차량, 영업용은 '사람+차'를 따라갑니다. ","자동차보험"
"##Question: 단기할인 알려줘? ##Answer: [단기할인]이란 전계약의 보험기간이 1년 미만인 단기계약인 경우도 조건 충족시 반등급(1/2) 할인되는 제도를 말합니다. ","자동차보험"
"##Question: 할인할증 평가대상사고 알려줘? ##Answer: [평가대상사고]란 자동차보험에 의하여 보상책임이 있는 사고를 뜻하며, 할인할증 산정시 영향을 미치는 사고를 말합니다. ","자동차보험"
"##Question: 할인할증 사고점수 알려줘? ##Answer: [할인할증 사고점수 계산]은 개인은 내용별 점수만, 법인은 내용별점수+원인별점수 합산으로 계산됩니다. ","자동차보험"
"##Question: 3년사고요율 알려줘? ##Answer: [3년 사고요율]이란 과거 3년간 및 직전 1년간 사고건수에 따라 차등 적용되는 요율입니다. ","자동차보험"
"##Question: 3년사고요율과 할인할증은 어떻게 다른가 알려줘 ? ##Answer: [3년 사고요율과 할인할증의 차이]는 아래 이미지를 참고해주세요.","자동차보험"
"##Question: 물적사고 할증기준 알려줘? ##Answer: [물적사고 할증기준]이란 대물배상 또는 자기차량손해에 일정금액 이상의 사고가 발생하면 다음해에 보험료가 할증되는 기준을 직접 선택하는 제도입니다. ","자동차보험"
"##Question: 사고환입시 요율산출 알려줘? ##Answer: [사고환입시 요율 산출]은 '요율산출해보기'를 통해 환입 후 요율정보 재산출 및 보험료 재계산이 가능합니다. ","자동차보험"
"##Question: 동일증권 가입한 경우와 미가입한 경우 어떻게 다른지 알려줘? ##Answer: [동일증권 가입 차이]는 아래 이미지를 통해 사고가 없는 경우와 사고가 있는 경우 각각의 내용을 비교해보시기 바랍니다.","자동차보험"
"##Question: 동일증권 갱신시 표준등급 적용원칙 알려줘? ##Answer: [동일증권 갱신시 표준등급 적용원칙]①각 차량별 갱신등급을 구하여 합산한 후 동일증권 가입대수로 산술평균②결과값이 소수점이 나오면 가장 가까운 등급 적용③동일증권 외 차량에서 사고가 나면 각각의 갱신등급을 합한 값에 동일증권 외 차량의 사고점수를 차감하여 산술평균 합니다. ","자동차보험"
"##Question: 할인할증 적용등급의 유효기간 알려줘? ##Answer: [할인할증 적용등급 유효기간]은 전계약 만료일로부터 갱신시점을 확인해주세요. 갱신등급은 유효기간이 있으므로, 만기 후 갱신시점에 따라 등급이 달라질 수 있습니다.","자동차보험"
"##Question: 보험가입경력 인정에 필요한 서류 알려줘? ##Answer: [보험가입경력 인정 서류]는 경력인정 유형에 따라 필요 서류가 상이하니 아래 내용을 확인해주세요.","자동차보험"
"##Question: 가입경력지정자 알려줘? ##Answer: [가입경력지정자]란 기명피보험자가 지정하는 1인, 또는 2인에 대하여 보험가입경력을 인정하는 제도입니다.","자동차보험"
"##Question: 교통법규위반 경력율 적용대상 알려줘 ? ##Answer: [교통법규위반 경력율]이란 피보험자가 개인인 경우 교통법규위반 실적에 따라 적용하는 요율입니다.","자동차보험"
"##Question: 피보험차가입경력요율 알려줘? ##Answer: [피보험자가입경력요율]이란 피보험자가 해당 차량으로 보험에 가입한 경과기간을 말하며, 적용대상은 개인용 전차종, 업무용 개인소요 소형차(개인경승합, 경화물, 개인화물4종)입니다. 피보험자 가입경력 1년이상이고, 차량가입경력 1년미만, 책임개시일기준 차량 2대 이상인 경우 적용됩니다. ","자동차보험"
"##Question: 운전자한정특약 알려줘? ##Answer: [운전자한정특약]이란 피보험자동차를 운전할 수 있는 사람을 제한하는 특약으로 보험료 감소효과는 있으나 운전가능자 외 다른사람이 운전할 경우 대인1외 다른 담보는 보상이 불가합니다. ","자동차보험"
"##Question: 임직원 운전자한정 특약 알려줘? ##Answer: [임직원 운전자한정 특약]이란 법인 사업자의 경우 업무용 자동차 관련 비용의 세제 혜택을 받을 수 있도록 임직원운전자한정 특약이 마련되었습니다. ","자동차보험"
"##Question: 연령한정특약 알려줘? ##Answer: [연령한정특약]이란 피보험자동차를 운전할 수 있는 사람을 제한하는 특약으로 사고발생일 현재 주민등록상 생년월일을 기준으로 계산합니다. ","자동차보험"
"##Question: 자동차보험 누구 명의로 가입해야 하는가 알려줘? ##Answer: [자동차보험 명의자 선정 원칙]기명피보험자는 자동차보험의 명의자를 의미합니다. 자동차사고 시 피보험이익을 받는 실질적 소유자여야 하므로 자동차등록증상의 소유자를 기명피보험자로 선정해야 합니다.선정원칙은 아래와 같습니다.","자동차보험"
"##Question: 운전면허증이 없어도 기명피보험자가 될 수 있는지 알려줘? ##Answer: 운전면허증이 없어도 자동차 등록이 가능하므로 기명피보험자가 될 수 있습니다.","자동차보험"
"##Question: 외국인도 자동차보험 가입이 가능한지 알려줘? ##Answer: 외국인 또는 외국국적동포도 차량 명의자(등록증상 소유자)라면 기명피보험자가 될 수 있습니다.※ 외국인등록번호(외국인) 또는 국내거소신고번호(재외동포)를 이용하여 임시주민번호를 부여할 수 있음 (13자리)※ 보험기간 중도에 국적변경(외국인귀화, 외국국적취득동포)시는 국내거소신고필증, 주민등록등본, 외국인등록증 등 변경등록 전후의 피보험자 번호 및 주소를 확인, 대조할 수 있는 서류를 첨부하면 배서 가능함","자동차보험"
"##Question: 장애인차량은 자동차보험 명의를 어떻게 가입하는지 알려줘? ##Answer: 공동명의인 경우는 공동명의인 중 1인을 선정합니다.※ 장애인과 비장애인 차량 공동명의는 당해 장애인과 주민등록표상 세대를 같이하는 보호자만 가능 (배우자, 직계존비속 및 직계존비속의 배우자, 형제, 자매에 한함)※ 비장애인간 공동명의 (가족이 아니어도 상관없음)→ 중도 기명피보험자 변경시 경력 및 무사고할인 승계 불가","자동차보험"
"##Question: 자동차 소유자인 기명피보험자가 사망하였다면 계약 유지가 어떻게 되는지 알려줘? ##Answer: 보험기간 중 기명피보험자가 사망한 경우 보험기간 말일까지만 해당계약이 유효하며 보험기간 중이라도 상속처리가 끝난 경우 보험은 상속인으로 가입해야 합니다.(할인할증 승계불가)* 상속처리를 누락하고 제3자에게 판매를 하는 등 ‘대포차’로 유통될 가능성이 있으므로 사망자 차량의 보험은 계약체결 시 주의해야 함","자동차보험"
"##Question: 등록증의 명의자와 보험의 기명피보험자가 다르면 어떻게 되는지 알려줘? ##Answer: [등록증의 명의자와 보험의 기명피보험자가 다른 경우] 분쟁의 소지가 있으므로 서면 등의 방법으로 보험사에 알려야 합니다.① 보험료를 아낄 목적으로 소유자와 기명피보험자를 상이하게 하는 경우→ 요율면탈 행위②  실질적 운행자와 관련없는 등록증상 명의자를 기명피보험자로 하는 경우→ 제3자 명의도용③ 운행자의 책임 및 이익 공유자간에 명의 및 기명피보험자 선정 오류→ 가족관계에서 기명피보험자가 차량을 이용하는 빈도가 많다고 해도 등록증상 명의자를 보험에 가입해야 함④ 운수회사 명의로 등록된 개인소유 차량(지입차)은 계약체결시 등록증상 소유자인 운수회사를 기명피보험자로 해야 함→ 실제 차주명의로 피보험자 선정 불가  → 합리적 사유로 소유자가 사용, 관리가 불가한 경우에 한하여 실제 사용, 관리자를 기명피보험자로 예외적 적용할 수는 있으나 심사대상이며 등록증상 명의자 동의가 필수임","자동차보험"
"##Question: 보유자코드 알려줘? ##Answer: [보유자코드]란 영업용 법인체 또는 자가용 전차량일괄담보 특약에 가입한 업체에 대해 업계 공통으로 사용하는 고유번호로 숫자 8자리로 구성되어 있음,자동차보험
"##Question: 보유자코드 언제 사용하는지 알려줘? ##Answer: [보유자코드 사용 경우]① 법인이면서 영업용 자동차보험에 가입하는 경우② 법인이면서 업무용 전차량일괄담보 특약에 가입하는 경우","자동차보험"
"##Question: 보유자코드 어떻게 받느지 알려줘? ##Answer: [보유자코드 발급]⑴ 기존 부여된 업체이면 신청 불필요① 개발원정보조회 > 조건상세 “보유자코드”② “보유자코드” 버튼 클릭③ “보유자코드 일괄조회” 팝업 > 사업자번호입력 후 검색 > 법인명이 나오면 클릭 > 보유자코드 상세에서 정보확인※ 사업자번호 '0'으로 시작하면 “기존 부여”, ‘A’로 시작하면 “신청대기 중”, ‘조회불가’면 “신설업체”⑵ 신설업체 보유자코드 신청방법→ 서류 구비 및 첨부하여 총무가 KNOX메일로 신청","자동차보험"
"##Question: 외국인 등록번호가 없는 주한미군인데 자동차보험에 가입 가능한지 알려줘? ##Answer: [외국인 등록번호가 없는 경우] 지점에서 여권사본 확인하시고 고객등록에서 임시주민번호 등록이 가능합니다.※ 금융실명거래 및 비밀보장에 관한 법률 시행령 (08.2.29) 제3조 (실지명의) 4. 외국인의 경우 출입국관리법에 의한 등록외국인기록표에 기재된 성명 및 등록번호 다만 외국인등록증이 발급되지 않은 경우는 여권 또는 신분증에 기재된 성명 및 번호","자동차보험"
"##Question: 고객정보의 외국인 강제 등록시 필요한 서류 알려줘? ##Answer: [고객정보 외국인 강제 등록 필요서류]여권 등 신분확인 서류(생년월일, 성별, 성명 확인)가 필요합니다.","자동차보험"
"##Question: 귀화하여 피보험자코드가 변경되는 경우 필요서류 알려줘? ##Answer: [피보험자코드 변경 필요서류]① 국적 취득시: 국적취득사실증명서 또는 귀화허가서 + 기본증명서, 또는 주민등록초본 (생년월일, 주소지 등으로 동일인 확인)② 내국인 → 외국인으로 변경 시: 국내거소신고사실증명 (전, 후 주민번호 확인)③ 외국인번호 → 외국인번호: 외국인등록 사실증명 (전, 후 외국인 등록번호 확인)","자동차보험"
"##Question: 주민번호가 타사에서 변경되었는데 어떻게 하는지 알려줘? ##Answer: [주민번호가 타사에서 변경된 경우]전계약사에서 정정 후 변경된 내역 확인가능한 가입증명서 또는 할인할증등급확인서 및 변경 전후 주민번호가 확인 가능한 초본 또는 국내거소신고필증을 첨부하시기 바랍니다. (변경전후 고객ID로 개발원사전정보조회 동의를 해주셔야 요율 확인이 가능합니다.)","자동차보험"
"##Question: 개인사업자는 사업자번호로 자동차보험 가입이 가능한지 알려줘? ##Answer: 사업자번호 가운데 숫자 2자리로 개인사업자와 법인사업자를 구분하며 80~89는 법인명의로 가입, 그 외 개인명의로 가입하시면 됩니다.","자동차보험"
"##Question: 학교차인데 관용물건이 맞나요?? ##Answer: 법인사업자 번호 가운데가 83이면 관용업체입니다.","자동차보험"
"##Question: 교회 차량은 누구 명의로 보험가입해야 하는지 알려줘? ##Answer: 등록증상 소유자인 교회명의로 가입하시면 됩니다. 만일 운행지배 또는 운행이익을 갖는 자동차소유자와 보험계약자를 달리한다면 자동차등록제도의 혼란을 초래하기 때문입니다.","자동차보험"
"##Question: 등록증상 소유자가 목사님이지만 교회 차량인 경우 자동차보험 가입을 어떻게 하나요?? ##Answer: 목사님 앞으로 등록을 했다고 할지라도 등록증상 교회이름도 함께 명시되어있다면 교회차량으로 간주하여 업무용 법인사업자 번호로 가입하는 게 맞습니다. 등록증상 소유자가 개인일지라도 용도는 명백한 업무용 교회차량이라면 그에 맞는 보험료 산정을 위해 법인사업자번호로 가입하는 게 맞습니다.* 참고. 법인차량이 지속적이고 상습적으로 지방세, 과태료 등을 체납한 상태에서 사업자 등록번호를 폐기함에 따라 등록관청에서 압류 등 체납처분을 하지 못하는 등의 문제로 인해, 관공서, 등기를 하지 않는 법인 단체에 대한 자동차 등록규칙이 사업자등록번호가 아닌 대표자의 주민번호로 차량등록을 하도록 개정됨 (10.06.11)","자동차보험"
"##Question: 법인은 본점과 지점 중 누구로 피보험자 보험가입을 하는지 알려줘? ##Answer: 법인의 본점과 지점은 사업자번호는 상이하나 법인번호는 동일합니다. 법인소유 자동차의 경우 등록증상 소유주번호가 법인번호로 등록되며, 지점/본점을 따로 구분하지 않고 있습니다.따라서 법인의 대표성을 가진 본점으로 계약체결을 하며, 지점을 기명피보험자로 선정하지 않습니다. (단, 계약자는 지점 선택 가능)","자동차보험"
"##Question: 피보험자가 사망한 경우 연령 배서를 해야 하는지 알려줘? ##Answer: 피보험자 사망 시에도 해당 계약은 만기 시까지는 유지 가능합니다. 단 실제 사용자가 연령 및 운전자 특약에 위배되지 않도록 변경하셔야 하며, 상속사유 발생 6개월 내 상속처리로 만기이전에차량의 명의를 변경한 경우는 변경소유자를 피보험자로 하는 보험에 새로 가입해야 합니다.","자동차보험"
"##Question: 피보험자 착오가입건에 대한 업무처리는 어떻게 하는지 알려줘? ##Answer: 타인(동명이인 등)으로 착오가입 시 메모결재로 진행하셔야 합니다. 메모결재 기안 시 무사고 확인서, 사유서, 등록증, 신분증, 자필청약서 첨부해야 하며, 가입경력요율, 교통법규위반요율, 할인할증도 정정하셔야 합니다.","자동차보험"
"##Question: 법인 사업자번호가 변경되었을 경우 업무처리 방법 알려줘? ##Answer: 사업자번호, 대표자, 소재지 등이 변경되었더라도 법인의 번호가 동일하다면 변경 전/후 동일한 법인으로 봅니다. 이 경우 변경사유, 변경확인서류 (법인등기부등본등) / 차량등록원부, 사업자등록증, 법인등기부등본을 첨부하시고 변경배서로 진행하시면 됩니다.","자동차보험"
"##Question: 차량 매매시 갱신계약은 누구 명의로 가입해야 하는지 알려줘? ##Answer: 매매상에서 전시중인 차량은 매매상 명의로 보험을 가입해야 합니다. 그러나 차량이 매매되어 명의 이전 예정이라면 매수인이 보험을 가입해야 하고, 매매상 명의로 체결된 계약은 무효 처리됩니다.","자동차보험"
"##Question: 보유자코드는 어떻게 신청하는지 알려줘? ##Answer: ① 사업자번호로 자동차단체업체 검토요청② 인수승인된 업체면 등록서류(사업자등록증/법인등기부등본/차량등록증/운수사업허가증)를 준비하여 보유자코드 담당자에게 송부(자동차정보통 CoP확인)③ 보유자코드 등록완료 이후 설계 가능(보유자코드 신청 후 하루 정도 소요)","자동차보험"
"##Question: 영업용 업체 보유자코드 필요서류 알려줘? ##Answer: 구비서류는 사업허가증(면허증, 등록증), 차종별 차량(건설기계)등록증이 필요하며, 경우에 따라 제작증, 매매계약서, 용도변경확인서 등 요청될 수 있습니다.","자동차보험"
"##Question: 보유자코드 신청 시 영업 허가증 필요한지 알려줘? ##Answer: 보유자코드는 영업용을 설계하기 위해 필요한 코드이므로, 영업을 할 수 있는 허가가 있어야 합니다. 영업 허가증(신고/등록증)이 있는지 업체에 물어보시고, 없다면 업무용 차량이 아닌지 재확인 또는 지입은 아닌지 확인하시기 바랍니다. 지입일 경우, 지입사의 건설기계대여업 허가증(신고/등록증)과 대여관리계약서 제출해야 합니다.","자동차보험"
"##Question: 보유자코드 신청할 때 자동차대여사업등록증 필요한지 알려줘? ##Answer: 자동차대여사업등록증이 없는 경우 대체서류를 보내주시면 개발원에서 검토할 수 있습니다.","자동차보험"
"##Question: 타사에서 받은 보유자코드 등록 알려줘? ##Answer: 보유자코드가 있더라도 우선 당사 고객정보 DB와 단체갱신율 화면에 등록이 되어야 합니다. 해당 심사자에게 등록을 요청하시기 바랍니다.","자동차보험"
"##Question: 영업용 허가증 없이 보유자코드 부여 요청 가능한지 알려줘? ##Answer: 보유자코드는 당사에서 부여하는 것이 아니라 개발원에서 부여하여 업계공통으로 적용되므로 서류가 일부라도 없을 경우 보유자코드를 먼저 부여하지 않습니다.특히 영업용 허가증은 필수서류 중의 하나이므로 미비시 보유자코드 부여가 어렵습니다.","자동차보험"
"##Question: 등록증상 소유주가 전차주인 경우 보유자코드는 어떻게 되는지 알려줘? ##Answer: 매매계약서 등 현재 신청하려는 업체로 명의이전이 확인되는 서류가 반드시 필요합니다. 실제 소유주로 확인되지 않을 시 개발원에서 반려될 가능성이 있습니다.","자동차보험"
"##Question: 건설기계대여업 업체로부터 다시 대여계약하고 있는 경우 보유자코드 신청 가능한지 알려줘? ##Answer: 건설기계의 경우 대여업 허가를 받은 업체와 대여계약을 맺고 영업을 하는 업체의 경우계약을 맺은 회사의 ‘건설기계 대여업 허가증’과 ‘대여계약서’를 첨부하는 조건으로 보유자코드 신청이 가능합니다. 단, 이 경우에도 사업자등록증, 법인등기부등본, 차량등록증상 소유주는 신청회사로 명확하게 확인이 가능해야 합니다.","자동차보험"
"##Question: 소유주 불일치 확인서는 어디서 다운 받을 수 있는지 알려줘? ##Answer: 자동차 정보통 CoP “업무기준양식함”에 있습니다.","자동차보험"
"##Question: 보험기간이 무슨 뜻인지 알려줘? ##Answer: 피보험자에 대해 보험회사가 보상 책임을 지는 기간※ 일반적으로 갱신계약의 경우 보험증권에 기재된 (가입설계시 설정한) 첫날 24시에 시작되어 마지막날 24시까지 효력이 발생","자동차보험"
"##Question: 오늘 가입한 계약인데 책임개시일을 잘못 설계한 경우 배서로 진행되나요?? ##Answer: 보험기간을 수정하는 배서는 없습니다. 당일건 개시전 취소 후 새로 가입해야 합니다.","자동차보험"
"##Question: 신계약의 효력개시 시간 알려줘? ##Answer: 신계약의 효력개시는 0시, 갱신계약인 경우는 24시입니다.","자동차보험"
"##Question: 외국에서 타던 직수입차를 가져오는 경우 책임개시 시간 알려줘? ##Answer: 외국에서 타던 차를 가져오는 경우는 피보험자가 처음으로 자동차보험에 가입하는 자동차로 보아, 24시 기준이 아닌, 영수시점부터 보상 가능합니다.※ 처음으로 자동차보험에 가입하는 자동차란? 이 보험가입 전에 본인 명의로 다른 자동차보험이나 공제계약에 가입한 사실이 없는 자동차로서 자동차판매업자 또는 매매업체 등이 기명피보험자에게 인도된 날로부터 10일 이내 처음으로 자동차보험에 가입하는 자동차(중고차포함) 을 말합니다.","자동차보험"
"##Question: 지속가입계약 오늘 책임개시계약으로 가입하게 되면 보험효력은 언제부터 적용되는지 알려줘? ##Answer: 의무보험은 영수시점, 그 외 임의담보는 개시일 24시부터 적용됩니다. 자동차보험에 처음 가입하는 자동차가 아니므로 의무보험을 제외한 임의담보 및 특약은 24시부터 적용됩니다.","자동차보험"
"##Question: 배서처리시 효력개시는 언제인지 알려줘? ##Answer: ① 차량대체: 회사가 승인한 때부터, 단 추징배서는 영수시점② 그외 배서: 배서기준일 24시부터","자동차보험"
"##Question: 공백기간 환급 받은 경우 보험가입기간 1년으로 인정되는지 알려줘? ##Answer: 공백기간이 있더라도 보험기간 인정도 되며, 할인도 가능합니다. 1년 보험 가입한 것으로 인정됩니다.","자동차보험"
"##Question: 공백기간 환급 시 등록원부 취득일자 기준인지 알려줘? ##Answer: 등록일자 기준으로 설계하셔야 합니다 (ex. 폐차등록일, 명의이전등록일)","자동차보험"
"##Question: 공백기간 환급 배서시 필요한 서류알려줘? ##Answer: ① 권리양도: 등록원부, 이전된 등록증② 말소: 등록원부, 말소사실 증명서 또는 폐차인수 증명서③ 리스차량: 리스 (종료, 반납, 승계) 확인서④ 반품차량: 반품확인서 (제출처의 명판, 직인이 반드시 있어야 함) ","자동차보험"
"##Question: 전손정산 배서 알려줘? ##Answer: 피보험자동차의 전손사고 발생시 차량담보를 소멸해야 하는 경우 실시하는 배서","자동차보험"
"##Question: 전손 알려줘? ##Answer: 피보험자동차가 완전히 파손, 멸실, 오손되어 수리할 수 없는 상태이거나 도난 등 피보험자동차에서 생긴 손해액과 회사가 부담하기로 한 비용의 합산액이 보험가액 이상으로 차량담보를 소멸해야 하는 경우를 말함","자동차보험"
"##Question: 전손정산 배서시 해지는 언제 선택하는지 알려줘? ##Answer: 사고 유형별로 “해지”와 “소멸”을 선택하여 설계 진행(’15. 2월 차량담보가 차대차, 자차단독으로 분리되면서 사고유형별 설계방법 상이)→ 보상이 된 담보 또는 특약은 소멸로 선택, 보상이 안된 담보 및 특약은 해지로 선택유형1) 전손사고가 차대차사고인 경우자기차량손해(차대차) 담보에서 보상처리 되므로 차량담보는 소멸차량단독사고 특약은 해지 선택유형2) 전손사고가 자차단독사고로 인한 경우보상처리가 자차단독사고특약에서 처리되므로 자차단독사고특약은 소멸자기차량손해(차대차)는 해지","자동차보험"
"##Question: 전손정산 배서순서 알려줘? ##Answer: ① 전손사고 발생 후 차량대체를 하면서 차량담보를 가입하고자 하는 경우⑴ 전손정산 배서 한 후에⑵ 차량대체 배서 (새로운 차량의 차량담보 가입)를 진행함② 전손사고 발생 후 차량대체를 하면서 차량담보 가입을 원하지 않는 경우⑴ 전손정산 배서 한 후에⑵ 기본담보 임의해지(차량담보 해지)를 진행하고⑶ 차량대체 배서를 진행함","자동차보험"
"##Question: 차량번호 오류 시 어떤 서류 알려줘? ##Answer: 현재 기준으로 개발원 등록정보 조회시 말소된 차량번호인 경우입니다. 차번호 변경 여부확인 후 설계하시기 바라며, 현재 존재하는 차번호가 맞다면 최근 3일내 발행된 등록증 또는 등록원부 첨부바랍니다. 현재 기준 차량번호를 확인해야 하며 개발원 등록정보는 현재 기준 -3일 전 정보를 가져오므로, 그 이후 서류를 첨부하셔야 하며 이전에 발급된 등록증으로는 확인 불가합니다.","자동차보험"
"##Question: 차대번호 자리수가 17자리가 안되는 경우 어떻게 설계하는지 알려줘? ##Answer: 차대번호 자릿수는 17자리이나, 건설기계 차량의 경우 차대번호 자릿수가 17자리미만일 수 있습니다. 가입설계 중 차량번호 구분을 차대번호로 선택시 반드시 17자리를 입력해야 하므로, 자릿수 제한이 없는 임시(출고)번호를 선택하여 차대번호를 입력하시면 됩니다.","자동차보험"
"##Question: 미등록 차량이라고 보험가입이 제한되는지 알려줘? ##Answer: 자배법에 따르면 보험회사는 '등록되지 않아 정기검사를 받지 아니한 차량'에 대해 인수를 제한할 수 있습니다.","자동차보험"
"##Question: 차량번호 오류로 설계 진행이 안되는 경우 어떻게 하는지 알려줘? ##Answer: 설계 시 ‘등록확인’ 버튼을 누르시면, 기존 차대번호의 차량번호가 전산에서 자동 셋팅이 되어 변경 전 번호가 적용이 됩니다. 이럴 경우 등록확인 버튼을 누르지 마시고 차대번호로 설계 후 바로 보험료 계산버튼을 누르시면 설계 완료가 됩니다.","자동차보험"
"##Question: 차대번호를 어떻게 변경하는지 알려줘? ##Answer: 차량번호 정정배서로 진행하시고, 해당 차대번호확인서류 (제작증, 임시운행허가증) 첨부하여 인수요청해주시면 됩니다. ","자동차보험"
"##Question: 차량대체 가능한 차종 알려줘? ##Answer: 차량대체가 가능한 차종은 아래와 같습니다.","자동차보험"
"##Question: 차량대체 가능한 차종 알려줘? ##Answer: 차량대체 불가합니다. 차량대체는 동일차종간 가능합니다. 동일한 건설기계로 보여도 무한궤도식과 타이어식은 구동방식이 다른 차종으로 동일한 차종이 아니기 때문에 차량대체가  불가합니다.","자동차보험"
"##Question: 차량대체 전 차량 효력 끝나는 시기 알려줘? ##Answer: 대체 전 차량은 차량대체배서 영수시점부터 효력이 종료됩니다.","자동차보험"
"##Question: 차량대체 소급할 수 있는 배서기준일 알려줘? ##Answer: 차량대체 배서기준일 소급은 원칙적으로는 불가합니다. 단, 환급 건은 소급일자에 발행된 기승인 청약서, 추징 건은 소급일자에 당사 입금된 건에 한해 검토 가능합니다.","자동차보험"
"##Question: 차량대체 재진행 할 수 있나 알려줘? ##Answer: 당일 기준으로 차량대체를 다시 진행하시면 됩니다.","자동차보험"
"##Question: 피보험자 본인 차량간 차량대체 알려줘? ##Answer: 요율면탈 또는 인수기준 회피를 위한 본인 차량간 대체배서는 제한됩니다.단 차량증차로 단기가입 후 기존차량(보험기간1년) 매각으로 차량대체 하는 경우에는 예외적으로  가능합니다.","자동차보험"
"##Question: 차량대체 경우에 자차담보 제외가능여부 알려줘? ##Answer: 동시 진행 불가합니다. 자차해지는 단기요율이 적용되고 차량대체는 일할요율이 적용되므로 동시 진행이 되지 않습니다. 단, 차량대체 시 일할 계산된 자차담보가 임의해지 시 단기요율로 적용되므로 차량대체 전에 임의해지를 권합니다.","자동차보험"
"##Question: 차량대체 시 자차 담보 진행 알려줘? ##Answer: 다음 두가지 방법 중 한가지로 진행하셔야 합니다.① 임의담보해지로 자차 삭제하시고 차량대체 배서진행② 차량대체 후 임의담보 해지로 자차 삭제","자동차보험"
"##Question: 차량대체시는 자손에서 차상해로 변경되는지 알려줘? ##Answer: 이미 자손으로 가입한 계약의 보험기간 중 차상해 담보 변경은 제한되나, 차량대체 시는 가능합니다.","자동차보험"
"##Question: 차량대체시 마일리지는 방법 알려줘? ##Answer: 차량대체를 하시는 경우에는 2가지 방법이 있습니다.① 마일리지 특약을 유지할 경우: 대체배서 시에 대체 전, 후 차량의 번호판, 계기판사진 첨부하여 전,후차량의 주행거리 입력(주의사항! 대체배서 전에 ‘마일리지 종료정산’ 배서를 하시면 안됩니다.)② 마일리지 특약을 유지하지 않을 경우: 마일리지(가입무효) 배서 반영 후 대체배서 진행","자동차보험"
"##Question: 차종이 동일하면 차량대체 가능한지 알려줘? ##Answer: 차종이 동일(대체가능 차종)하다면 차량대체로 가능합니다. 차량대체 가능 차종은 아래와 같습니다.","자동차보험"
"##Question: 사고내용 전손으로 수정 가능한지 알려줘? ##Answer: 보상직원에게 사고내용을 전손으로 수정해달라고 요청하신후 진행하세요.","자동차보험"
"##Question: 전손차량 추징배서 방법 알려줘? ##Answer: 미납입 추징 보험료가 발생하지 않아도 반드시 전손차량 추징배서를 처리 후 차량대체 배서를 진행해야 전손사고 이후 종료된 자차담보가 부활합니다. (차량대체로 부활된 자차담보의 보험료는 변경기준일~종기까지 재계산된 보험료임),자동차보험
"##Question: 전손사고 이후 자차담보를 미가입 방법 알려줘? ##Answer: 전손차량 추징 배서 → 자차담보 임의해지 배서 → 차량대체 배서 순으로 진행하시면 됩니다.","자동차보험"
"##Question: 차명코드 의미 알려줘? ##Answer: ①  정규차명코드는 보험개발원에서 매 분기마다 업데이트되어 제공함②  차명코드의 분류·국산 정규코드(A, B, C, D, L 外), 국산 임시코드(A)·외산 정규코드(9, C), 외산 임시코드(B)·이륜차(D)* LPG차량(L)은 17.4월 차량연료별 요율 신설되어 차명코드 선택시 연료선택으로 변경※ 차명코드는 대다수 개발원 정규코드로 전환되었으며 내용연수 초과 등의 사유로 개발원에서 차량가액 제공이 안 되는 일부 C코드 중고차 가액은 외제차용 표준감가율을 적용하고 있음","자동차보험"
"##Question: 임시차명코드는 언제 사용하는지 알려줘? ##Answer: ①  역수입 차량 (예: 아제라, 엘란트라 등)② 외제차 중 비공식 수입 모델 (예: 벤츠 S550, 벤츠스마트 등)③ 보종 전환 차량 (예: 영업용 → 업무용)④ 구조변경으로 차종이 변경된 경우 (예: 화물차 → 이동판매차)⑤  건설기계 (예: 타이어식 굴삭기 등)⑥ 그 외 유사한 정규차명코드가 없는 경우","자동차보험"
"##Question: 외제차 임시차명코드 선택 방법 알려줘? ##Answer: ①  외제차의 경우 “제조사”로 검색해주세요.예) S550 → 벤츠 S 클래스 승용 → 배기량 맞는 코드 선택②  “차종” 일치하는 코드 선택하시면 됩니다.(배기량, 인승, 적재량 확인!)* 차량가액, 부속품은 직접 수정 가능합니다.③  정확한 차량모델명을 고지해주세요.→ 고지된 모델명으로 심사자가 차종, 가액, 스포츠카 유무 확인예) 벤츠 S550: 벤츠로 검색 후 벤츠S승용(세단 3800cc이상) 선택④ 차량가액, 차종, 특별요율 등 차량정보 직접 입력→ 자차 가입시 차량가액 확인 서류 제출이 필요할 수 있음⑤ 임시차명코드 사용 시 제출해야하는 차량정보(가액) 확인서류등록증, 매매계약서, 세금계산서, 수입신고필 증 중 가능한 서류","자동차보험"
"##Question: 외제차 차량가액 수정은 어떻게 하는지 알려줘? ##Answer: 정규차명코드에서 유도되는 가액에서 +5 ~ △10% 까지 수정 가능합니다. 만일 범위를 초과하여 가액을 수정하시려면 차량가액 확인서류를 첨부하셔야 합니다. 서류없이 단순 가액조정은 보험료에 영향을 미치게 되므로 불가합니다.","자동차보험"
"##Question: 작년에 사용하던 정규차명코드를 찾는 방법 알려줘? ##Answer: 국산 차량의 정규차명코드는 개발원에서 제공하는 것으로 기존에 제공되던 차명코드가 제공되지 않는 경우가 간혹 발생합니다. 이런 때에는 다른 유사한 정규차명코드를 찾아서 설계하시기  바랍니다.","자동차보험"
"##Question: 화물차 정규차명코드를 찾는 방법 알려줘? ##Answer: 화물의 경우 임시차명코드 사용 가능합니다. 차종에 맞는 임시차명코드를 사용시면 됩니다.","자동차보험"
"##Question: 복합식 진공흡입청소차 코드 알려줘? ##Answer: 임시차명코드 찾기에서 청소차나 트럭으로 조회 후 최대적재량에 맞는 차명코드로 선택하시면 됩니다.","자동차보험"
"##Question: 르노삼성 차명코드 알려줘? ##Answer: 차명코드 찾기 화면에서 제조사조회 - 외제차 - 르노 또는 르노삼성으로 조회하시면 정규차명코드가  있습니다.","자동차보험"
"##Question: 엘피지 차량 차명코드 알려줘? ##Answer: LPG 정규차명코드가 없을 시에는 가장 비슷한 (휘발유나 디젤) 정규차명코드를 선택하신 후 차량 상세란에 가액을 일부 수정하시고 수정사유에 LPG 차량 (연료방식상이)를 선택하셔서 설계 진행하시면 됩니다.","자동차보험"
"##Question: 갱신계약을 설계시 작년에 사용한 차명코드를 사용할 수 없는지 알려줘? ##Answer: 정규차명코드는 개발원에서 매년 분기마다 업데이트를 하는 과정에 기존의 코드를 없애고 새로운 코드로 정비하는 경우가 있습니다. 또한 임시차명코드도 수시 정비하여 신설하거나기존 코드를 폐지하는 경우가 있기 때문에, 만일 전계약에 사용한 차명코드를 더 이상 사용할 수 없다고 나오는 경우는 새로운 차명코드를 검색하여 사용하셔야 합니다.","자동차보험"
"##Question: 아반떼 수출명인 엘란트라 꼭 임시차명코드를 사용해야 하는지 알려줘? ##Answer: 엘란트라 2.0(역수입차량) 임시차명코드를 사용해야 합니다. 세분명에는 ‘아반떼 수출명 엘란트라’로 되어 있는데 국내용과 가액이 달라 임시차명코드를 사용해야 합니다.","자동차보험"
"##Question: 작년에 사용하던 임시차명코드를 찾는 방법 알려줘? ##Answer: 차종 세분화, 외제차 모델등급 조정 등으로 임시코드가 개편되는 경우가 있습니다. 이런 경우에는 해당 차량의 대표차명으로 새로운 임시차명코드를 조회하여 사용하세요.","자동차보험"
"##Question: 구급차 차명코드 조회하는 방법 알려줘? ##Answer: 차명코드 조회화면에서 임시코드로 선택 후 검색칸에 “구급”을 치시면 쉽게 찾을 수 있습니다. ","자동차보험"
"##Question: 차량연식 기준 알려줘? ##Answer: ·03년 6월 이전 출고된 차량: 자동차등록증상 연식 적용·03년 7월 이후 출고된 차량: 자동차등록증상 최초 등록일 적용 (형식 및 연식배제)","자동차보험"
"##Question: 외제차의 차량연식 기준이 어떻게 되는지 알려줘? ##Answer: ·신차 및 중고차: 최초등록일 기준(단, 주행거리가 “0” 이면 출고일로 적용)·중고차 수입: 자동차수입면장에 기재된 모델연식을 적용함* 사고시 수리성, 손상성에 영향이 있어 중고차를 최초 등록일 기준으로 하게 되면 본래 취지에 위반예) 미국에서 03년 출고, 09년 수입, 최초등록한 외제차? 03년식 적용","자동차보험"
"##Question: 차량연식 특이사항 알려줘? ##Answer: 역수입 국산차: 차량등록증에 기재되어 있는 모델연식 적용전시차량: 최초 차량등록 기준이 아닌 모델연식 적용","자동차보험"
"##Question: 차량 모델연도를 찾는 방법 알려줘? ##Answer: 현 책임개시보다 차량의 모델연도가 미래라서 입력이 안되는 경우에는 설계의 차량연식은차량의 등록일자 기준으로 2017년 입력하시고 모델연식을 2018으로 입력하시면 됩니다. 연말에 출고되어 2018년에 등록되는 차의 17년 책임개시 설계 시에는 위 방법으로 진행하시고, 2018년갱신 시에는 연식 2018년으로 진행하시면 됩니다. 예를들어 보험개시일은 2017.12.31일인데 최초 등록일이 2018.1.2일이라면 2017년 계약은 2017A로 2018년 갱신계약은 2018B로 하시면 됩니다.※ 자동차관리법 시행령 제3조(자동차의 차령 기산일) [개정 2001.3.17]제작연도에 등록된 자동차: 최초의 신규등록일제작연도에 등록되지 아니한 자동차: 제작연도의 말일","자동차보험"
"##Question: 차량연식이 개발원과 다를때 인수요청 방법 알려줘? ##Answer: 개발원 등록정보에 등록된 차량연식과 현 설계의 차량연식이 상이한 경우입니다. 2003년 6월 30일 이전 출고차량은 등록증상 연식 적용, 2003년 7월 1일이후 출고차량은 최초 등록일기준으로 연식을 적용하면 됩니다. 단, 해외운행 중고 외제차일 경우2003년 7월 1일 이후 출고차량이라 할지라도 등록증상 연식을 입력하시면 됩니다.","자동차보험"
"##Question: 차량모델등급이란?? ##Answer: 보험개발원이 수리성·손상성에 따른 차량모델별 손해율 차이에 근거하여, 보험료 형평성을 유지하기 위해 매년 또는 필요시 조정, 반영하는 등급임·자가용 승용(다목적1종 제외) 차량의 자차(차대차, 자차단독특약)에만 적용됨 (‘18년 기준 1~26등급으로 구분되어 있음)·보험개발원이 선정하여 조정하므로, 14.1월부터 모든 보험사가 동일하게 변경됨 단, 모델등급별 적용률은 각 보험사에서 정하여 社別차이 있음","자동차보험"
"##Question: 차량가액 알려줘? ##Answer: 차량가액은 부가가치세 포함 (즉, 차량등록증 출고가액 × 1.1)","자동차보험"
"##Question: 차량가액 입력방법 알려줘? ##Answer: ① 차량내역이 정규차명코드 상 모델과 일치하는 경우: 해당차량가액 적용② 차량내역이 정규차명코드 상 모델과 일치하지 않는 경우: 다음 두 가지 중 선택 단, 차량가액을 확인할 수 있는 서류를 첨부해야 함해당 모델과 가장 유사한 정규차명코드 사용 후 차량가액 수정사유 및 실제 차량가액 입력임시차명코드 사용 후 차량가액 별도 입력하는 방법* 단, 국산승용(다목적승용제외)은 임시차명코드 사용불가","자동차보험"
"##Question: 차량가액 확인 가능 서류? ##Answer: ·신차: 세금계산서, 매매계약서, 판매 브로셔, 제조사 공식 홈페이지 내 판매가·중고차: 등록증(출고/취득가액), 매매계약서, 수입신고필증 등","자동차보험"
"##Question: 할인 받아 구입한 자동차의 차량가액 알려줘? ##Answer: 판매가 3,000만원인 차량을 할인하여 2,500만원에 구입했다면 (세금계산서상에도 2,500만원으로 기재되어 있음)→ 시가가 아니라 일시적 할인으로 구입한 것이므로 차량가액은 3,000만원임※ 고객이 구입가 한도내에서 보상받기를 원한다면 일부보험(차량가액은 3,000만원, 차량가입금액은 2,500만원)으로 가입할 수 있음※ 일부보험은 보험가액의 60%이상 부보해야 하고 전손시 보험가입금액한도로 보상이 되므로 저렴한 보험료 안내를 목적으로 계약자와 사전 협의없이 처리하지 않도록 주의!","자동차보험"
"##Question: 장애인 차량의 차량가액 알려줘? ##Answer: 정규차명코드로 설계가능하나 맞는 차명코드가 없다면 유사 정규차명코드를 사용하고 차량가액은 수정,자동차보험
"##Question: 중고차 차량가액 알려줘? ##Answer: 해당 모델과 가장 유사한 정규차명코드 사용 후 차량가액 수정사유 및 실제 차량가액 입력신차가액 × 경과월수에 따른 표준감가상각잔존율","자동차보험"
"##Question: 내용년수 의미 알려줘? ##Answer: 경제적으로 사용될 수 있는 연수 (정확한 측정 불가하여, 세법에 의해 정함)즉 고정자산이 더 이상 사용할 수 없어 파기될 때까지의 이용기간 또는 사용 예정기간내용년수는 용도 및 차종에 따라 상이하며,‘12년 2분기 이후 자가용 차종의 내용년수는 변경된 기준으로 적용","자동차보험"
"##Question: 일부담보, 차량가액의 몇 프로까지 설정 가능한지 알려줘? ##Answer: 일부담보는 차량가액의 60%까지 설정 가능합니다.","자동차보험"
"##Question: 최저공제금 선택 알려줘? ##Answer: 자차 보험료 + 공제금 + α(10만원) < 자차가입금액위와 같은 산식을 만족하는 공제금을 선택하시는 게 좋습니다. 최소한의 보험혜택을 볼 수 있는 수준을 안내해 드리는 것이며 강제사항은 아닙니다.","자동차보험"
"##Question: 특수작업용자동차에는 어떤 종류가 있는지 알려줘? ##Answer: 사람 또는 화물을 운반하는 구조를 가지지 않고 특수작업을 하는 구조를 가진 자동차로서 차량번호 주로 ‘98, 99’ 이고 고소작업차/사다리차/렉카 등이 있습니다","자동차보험"
"##Question: 특정용도자동차에는 어떤 종류가 있는지 알려줘? ##Answer: 특정한 용도에 사용되는 자동차로서 차명을 확인할 수 있는 차량등록증을 첨부해야 합니다. (이동진료차, 이동도서관차, 채혈차, 방송중계차, 혈액수송차, 검사측정차, 현금수송차, 방역차, 소독차, 이동 우편차, 영화촬영차, 이동판매차, 충전차, 배전차, 발전차 등)","자동차보험"
"##Question: 9종건설기계, 일반건설기계 알려줘? ##Answer: 9종 건설기계는 의무보험 가입대상 차량이고, 일반건설기계는 의무보험 강제가입 대상이 아닙니다. 아래 내용을 참고하세요. ","자동차보험"
"##Question: 소방차 차종은 모두 특정용도 알려줘? ##Answer: 승용, 승합 및 1톤 이하 화물은 해당차종을 적용하고, 이외의 차량은 특정용도로 적용합니다.","자동차보험"
"##Question: 덤프트레일러는 차종 알려줘? ##Answer: 차량번호 가운데 숫자가 06이면 덤프(건설기계)이고, 80~97번이면 화물(트레일러)입니다.","자동차보험"
"##Question: 사다리차 차종 알려줘? ##Answer: 차량번호가 98, 99번이면 특수작업용, 그 외에는 화물차종입니다 단 트랙터, 트레일러는 차량번호가 98번이라도 화물 차종입니다.","자동차보험"
"##Question: 차번호가 서울82바1234인 경우 차종 알려줘? ##Answer: 차량번호 가운데 숫자가 06이면 덤프(건설기계)이고, 80~97번이면 화물(트레일러)입니다.(과거차량번호 7,8)","자동차보험"
"##Question: 목욕차량 차종 알려줘? ##Answer: 목욕차량 차종은 특정용도차량이며, 이동목욕차의 경우 특수장비요율 부과대상입니다.","자동차보험"
"##Question: 살수차 차종 알려줘? ##Answer: 살수차 차종은 화물이며, 통상 물을 운반하는 차량에 부과하는 특별요율은 없습니다.","자동차보험"
"##Question: 트레일러는 어떤 차종으로 설계해야 하는지 알려줘? ##Answer: 트레일러는 차종을 화물로 설계하시면 됩니다. 트레일러는 자차담보만 가입하시면 되고, 수반차 요율을 적용하며 등록가능한 트레일러인지 확인하셔야 합니다.(신규가입시 등록증 필첨) 단, 숙식 가능한 캠핑트레일러의 경우 (차량번호 70번대 차종) 캠핑카로  가입됩니다.","자동차보험"
"##Question: 음식물 쓰레기수거차와 음식물 쓰레기 용기세척차량의 차종은 동일한지 알려줘? ##Answer: 아니요, 음식물 쓰레기 수거차는 화물차종이지만 음식물 쓰레기 용기세척차량은 특수작업용 자동차로 적용됩니다.","자동차보험"
"##Question: 철구조물과 천막, 방송장비 담보하여 자차 보상 받을 수 있는지 알려줘? ##Answer: 차량에 고정된 장치가 아니라 구조물로 탈부착이 가능하기 때문에 자차담보 가입대상이 아닙니다.","자동차보험"
"##Question: 선거유세용 차량은 차종을 어떻게 적용해야 하는지 알려줘? ##Answer: 선거유세용도로 사용해도 차량운행의 주목적, 차량형태까지 바뀐 것은 아닙니다. 적재톤수에 맞게 화물차량의 고유 용도인 화물로 가입해야 합니다.","자동차보험"
"##Question: 벤텍라쿤팝 5인승으로 개조 등록 시 차종 알려줘? ##Answer: 최초 등록 시 차종을 적용하여 승용 짚차를 적용합니다.","자동차보험"
"##Question: 22인승 프리미엄 고속버스는 차종을 어떻게 적용해야 하는지 알려줘? ##Answer: 22인승이라고 하더라도 대형고속버스로 적용합니다.","자동차보험"
"##Question: 압축천연가스 연료방식의 차량의 차량연료형태를 어떻게 적용해야 하는지 알려줘? ##Answer: 연료가 가스인 차량은 차량 연료형태 분류시 LPG/LPI로 분류하시면 됩니다.","자동차보험"
"##Question: 구급차 차종 알려줘? ##Answer: 최초등록시점의 인승을 기준으로 적용합니다.(11인승 스타렉스를 6인승 구급차로 구조변경한 경우: 11인승 구급차 적용)* 주의 : 11인승 스타렉스를 6인승으로 구조변경하여 장애인운송용으로 사용시 구조변경 후 기준 적용","자동차보험"
"##Question: 현금수송차 차종 알려줘? ##Answer: 용도가 바뀐 경우는 바뀐 용도를 기준으로 적용합니다. 차량을 개조해 현금수송용으로 사용하는 경우 차종은 특정용도 입니다.","자동차보험"
"##Question: 배기량 구조변경 차종 알려줘? ##Answer: 승용은 배기량에 의해 차종을 구분하므로 구조변경 후 차종을 적용합니다.","자동차보험"
"##Question: 신차로 탑을 장착하여 적재량이 변경된 경우 차종 알려줘? ##Answer: 구조변경 후 최초등록하는 경우, 최초등록 시 적재량인 700kg 기준, 즉 4종 화물로 적용합니다. ","자동차보험"
"##Question: 4.5톤 화물로 등록후 구조변경하여 2.5톤이 된 경우 차종 알려줘? ##Answer: 최초 등록 시의 톤수를 기준으로 적용합니다. 등록시 4.5톤이면 이후에 구조변경으로 톤수가 조정되었더라도 2종 화물입니다.","자동차보험"
"##Question: 자동차 보험종목 알려줘요 ##Answer: 개인용 업무용 영업용 기타상품으로 구분","자동차보험"
"##Question: 공동물건으로 가입하려면 어떻게 설계하며 되나요?? ##Answer: 공동물건은 가입설계 단계 중 1. 고객정보/ 상품 선택 에서 선택하여 진행할 수 있습니다.","자동차보험"
"##Question: 자동차 부속품 의미 알려줘? ##Answer: 자동차 외관을 변경시키지 않으면서 차의 기능을 향상시키기 위해 부착하는 것전산에서 선택 가능한 부속품의 종류: 블랙박스, 선루프, 네비게이션, ABS, 알류미늄휠, 오토매틱, 에어백(+조수석), 에어백(운전석), 패키지스페셜팩, 에어컨, CD플레이어 , 보조범퍼, 파워스티어링, 차내장착식 TV, 가죽시트, 열선시트, 후방탐지기, 오디오장치, 칼라유리, 이모빌라이저 (모젠), 카스테레오, 장착식음성장치, 무선전화기, 기타부속품","자동차보험"
"##Question: 차형태 의미 알려줘? ##Answer: 적재물 운반 등을 위해 자동차 외관을 변경시켜 차의 기능을 향상시키는 것전산에서 선택 가능한 부속품의 종류: 밴, 패널, 냉동, 냉장, 탱크로리, 적재함 높인 것, 일반탑, 보냉탑, 윙바디, 하드탑, 소프트탑, 사다리, 집게장치, 바구니장치, 기중기, 리프트, 활어수족관, 기타차형태","자동차보험"
"##Question: 외제차 이모빌라이져 입력 방법 알려줘? ##Answer: 외제차는 대부분 이모빌라이저가 기본 장착되어 있으므로 부속품 장착여부만 체크하시고 부속품 가액을 따로 입력할 필요는 없습니다.","자동차보험"
"##Question: 소모성 부속품 담보 가능 여부 알려줘? ##Answer: 썬팅, 래핑, 유리막코팅 등은 담보 제한대상입니다. 해당 부속품은 휘발성,또는 소모성 부속품에 해당하므로 차의 기능을 향상시키기 위해 장착되는 부속품의 속성과는 차이가 있어 담보는 제한하고 있습니다. ※ 유사항목: 카스킨, 도색, PPF 필름 등","자동차보험"
"##Question: 기계장치 부속품 적용 범위 알려줘? ##Answer: 방송기기(녹음, 송출 등), 의료장비 등 정밀기계에만 적용","자동차보험"
"##Question: 공동물건 블랙박스특약 가입 여부 알려줘? ##Answer: 불가합니다. 2018.3월 현재까지도 공동물건에는 블랙박스 특약이 없습니다.","자동차보험"
"##Question: 블랙박스 중도추가 배서 방법 알려줘? ##Answer: 변경유형 블랙박스를 선택하고 변경기준일은 인수요청 당일이 되어야 합니다.(소급불가),자동차보험
"##Question: 사고로 파손된 블랙박스 보상 가능 여부? ##Answer: 블랙박스를 자차 부속품에 포함한 경우 보상가능합니다. ","자동차보험"
"##Question: 하이패스 부속품 담보 가능 여부 알려줘? ##Answer: 하이패스도 부속품으로 담보 가능합니다.","자동차보험"
"##Question: 보험 갱신시 블랙박스 사진 제출 여부 알려줘? ##Answer: 아닙니다. 갱신시에는 취급자가 장착여부 확인 후 탈착을 안 했다면 기존 제출한 사진을 “복사버튼” 을 눌러 제출에 갈음할 수 있습니다.","자동차보험"
"##Question: 블랙박스특약 중도 가입 배서 방법 알려줘? ##Answer: ① 블랙박스가 아예 없었는데 중도에 구입하여 특약을 추가하는 경우 → 블랙박스 배서로 처리② 블랙박스가 있었는데 특약가입을 안 하다가 중도에 가입하는 경우 → 담보특약 배서로 처리","자동차보험"
"##Question: 특별요율 의미 알려줘? ##Answer: 자동차의 구조나 운행용도가 동종차종과 상이한 자동차의 특별 위험에 대해 적용하는 요율로, 설계시 고지하도록 되어 있습니다. 보종, 장치별 차량상세입력사항이 상이하게 유도되며 적용요율도 상이합니다.","자동차보험"
"##Question: 특이차종 특별요율 적용 방법 알려줘? ##Answer: 특별요율 입력은 설계화면 [차량정보]-차량상세입력에서 확인가능합니다.① 고가사다리, 고소작업자동차 등 (기중기장치장착 자동차 → 기중기장치요율)② 캠핑트레일러, 캐라반, 트레일러 등 (수반차 → 수반차요율)③ 보트, 수상오토바이 등 레저견인차량 (레저장비견인 → 레저장비견인요율)④ 너클크레인 등 집게장치 장착차량 (집게장치자동차 → 특수장비요율)","자동차보험"
"##Question: 마일리지 환급금 정산특약 전계약 종료정산 환급금을 갱신보험료에서 차감해서 수납한 경우 수당 알려줘? ##Answer: 수수료는 이전과 동일합니다. 前계약에서 발생한 환급금에 대한 비례수수료는 환수, 갱신계약의 비례수수료 지급 및 성적으로 인정됩니다.예시) 前계약 종료정산 환급금 30만원, 갱신계약 총 보험료 100만원, 前계약 환급금 차감한 보험료 70만원 영수- 정산 환급금 30만원 (비례수수료 차감, 성과 미차감)- 갱신 계약 100만원 (비례수수료 지급, 성과 인정)","자동차보험"
"##Question: 마일리지 환급금 정산특약에서 전계약과 갱신계약 취급자가 다른 경우 수당 알려줘? ##Answer: 전계약 취급자 : 환급금(30만원)의 비례 수수료 환수갱신계약 취급자 : 총 보험료(100만원)의 비례 수수료 지급 및 성적 100만원 모두 인정","자동차보험"
"##Question: 마일리지 환급금 정산특약 환급금 조회 방법 알려줘? ##Answer: 결제/수납처리 화면에서 계약자ID로 조회하여 진행해야 합니다.","자동차보험"
"##Question: 마일리지 환급금 정산특약 갱신대체 반영안된 보험료 입금시 처리 방법 알려줘? ##Answer: ① 청약접수 & 수납시간 내 입금 : 계약 자동반영 → 미환급 보험료는 5영업일 이후 환급처리② 그 외 : 결제/수납처리(총무), 수납처리요청(취급자) 화면에서 수납 진행  * 미환급 건을 같이 선택하여 처리시에는 가수금 출금 진행 / 미환급 건 선택하지 않고 처리시 영업일 5일 이후 환급진행","자동차보험"
"##Question: 마일리지 환급금 정산특약 수납처리 화면 조회 방법 알려줘? ##Answer: 처리대상 조회일자에 갱신계약 책임개시일이 포함되도록 조회해주세요.* 납부예정일 = 납부기한 이어서 갱신계약의 개시일이 포함되어야 함","자동차보험"
"##Question: 마일리지 환급금 정산특약 신청시 차감전 보험료로 결제되는 경우 알려줘? ##Answer: 아래 두가지 유형일 때 차감전 보험료로 결제가 됩니다.① 모바일 전자서명 후 고객이 휴대폰에서 결제하시는 경우 차감된 보험료로 결제가 불가합니다.② 특약신청 후에 계약자를 변경한 경우 차감된 보험료로 결제가 불가합니다. * 마일리지 정산특약 가입조건 = 동일차량 & 동일계약자로 갱신시에만 가능","자동차보험"
"##Question: 마일리지 환급금 정산특약 차감 받지 못한 보험료 처리 방법 알려줘? ##Answer: ① 환급금 반영일로부터 5영업일 시점에 계약에 입력된 마일리지 환급계좌로 출금됩니다.② 마일리지 종료정산 화면에서 특약을 취소하면, 취소일의 익일에 계약에 입력된 마일리지환급계좌로 출금됩니다.     * 즉시출금을 원하시면, 마일리지 종료정산 화면에서 정산특약을 취소하고 콜로 출금요청 하시기 바랍니다.","자동차보험"
"##Question: 티맵 착한운전 할인특약 알려줘? ##Answer: 티맵 운전습관 앱 사용자 중에서 주행습관이 양호한 고객에게 보험료 할인 혜택을 주는 특약입니다. 2019년 1월 4일 책임개시인 개인용 일반물건 상품에 한해 가입 가능합니다. ","자동차보험"
"##Question: 티맵 착한운전 할인특약 가입조건 알려줘? ##Answer: 아래 조건을 모두 충족하는 경우에 가입 가능합니다. ① 1인한정 또는 부부한정 특약 가입② 마일리지 특약 미가입자③ 보험기간 3개월 이상④ 특약 가입 시점에 티맵 목적지 설정 후 500km 이상 주행⑤ 특약 가입 시점에 티맵 안전운전 점수 71점 이상 달성","자동차보험"
"##Question: 티맵 착한운전 할인특약은 티맵 앱을 사용해야 할인 받는지 알려줘? ##Answer: 티맵 앱은 구글 플레이스토어 혹은 앱스토어에서 검색하여 쉽게 다운받으실 수 있습니다.","자동차보험"
"##Question: 티맵 착한운전 할인특약 가입시 동의절차 필요한지 알려줘? ##Answer: 제휴사(SK티맵)의 정보조회 및 활용을 위한 별개의 동의가 필요합니다. ","자동차보험"
"##Question: 티맵 착한운전 할인특약 동의 문자 발송했는데 조회가 안되는 이유 알려줘? ##Answer: RC님께서 보내시면, 고객님께서 동의처리까지 하셔야 동의가 완료됩니다.고객님 휴대전화로 전달된 링크에 접속하셔서 통신사 인증 후 동의처리하시면 됩니다","자동차보험"
"##Question: 티맵 착한운전 할인특약 가입 점수 알려줘? ##Answer: 제한속도를 잘 지키고, 엑셀과 브레이크를 세게 밟지 않는 등 의식적으로 안전운전 하시면 점수를 높일 수 있습니다. 71점 이상 점수를 달성하신 시점에 특약 가입이 가능하며 남은 보험기간에 대해 보험료 할인을 적용해 드립니다.","자동차보험"
"##Question: 고객이 티맵 앱에서 확인한 점수와 설계화면에 표기되는 점수가 다른 이유 알려줘? ##Answer: 안전운전점수는 회사에서 관여하지 않습니다. SK티맵 자체적으로 어플에서 조회되는 점수와 보험사로 전송하는 점수 항목을 별도관리하고 있습니다. 자세한 내용 확인이 필요하시면 SK티맵으로 문의해보시도록 안내부탁드립니다.  SK티맵 고객센터 1600-5110","자동차보험"
"##Question: 티맵 특약이 ECO마일리지 특약과 중복가입이 안되는 이유 알려줘? ##Answer: ECO마일리지 특약 가입자의 경우 티맵 착한운전 추가 할인 여력이 없어 ECO마일리지 특약과 중복가입이 제한됩니다.운행거리가 적은 고객님께는 ECO마일리지 할인 특약을 추천드리고, 운행거리가 길더라도 운전습관이 좋은 고객님께는 티맵 착한운전 할인특약을 안내해 주시기 바랍니다.","자동차보험"
"##Question: 티맵 착한운전 할인 특약 중도 해지하고 ECO 마일리지 특약에 가입되는지 알려줘? ##Answer: 남은 보험기간이 3개월 이상인 경우 가능합니다. 단, 해지 이후 남은 보험기간에 대해 할인 받았던 보험료가 추징되며 마일리지 환급금은 마일리지 특약을 가입한 기간 동안의 보험료를 기준으로 산정됩니다.","자동차보험"
"##Question: 노블레스 플랜 2 알려줘? ##Answer: 노블레스 플랜 Ⅱ는 기존 노블레스 플랜에 보장 니즈가 높은 자손(자상) 확대형 특약 두가지(안심용품 및 장례용품 지원 특약/상급병실료 특약)를 추가한 플랜입니다. ","자동차보험"
"##Question: 노블레스 플랜 2 장례용품 지원특약 보상 범위 알려줘? ##Answer: 노블레스 플랜 Ⅱ 장례용품 지원특약에서 보상 가능한 피보험자의 범위는 기명피보험자 및 그 가족입니다. 가족은 기명피보험자의 부모, 배우자, 배우자의 부모, 자녀, 사위, 며느리까지 포함됩니다.  ","자동차보험"
"##Question: 노블레스 플랜 2 장례용품 지급 수량 알려줘? ##Answer: 노블레스 플랜 Ⅱ 장례용품 지급 수량 안내해드릴게요.장례용품은 사고당 1개의 용품이 지급됩니다.따라서 2명이 사망한 경우에도 1명만 지급됩니다.   ","자동차보험"
"##Question: 노블레스 플랜 2 장례용품 지급 범위 알려줘? ##Answer: 노블레스 플랜 Ⅱ 장례용품 지급 범위 안내해드릴게요.장례용품은 피보험자가 피보험자동차에 탑승 중 발생한 사고로 사망한 경우 차상해 사고 면부책과 관계없이 발송해 드립니다.따라서 자녀가 운전하여 차상해담보가 면책이 되더라도 장례용품은 발송해드립니다.  ","자동차보험"
"##Question: 노블레스 플랜 2 상급병실료 지원특약 범위는 알려줘? ##Answer: 노블레스 플랜 Ⅱ 상급병실료 지원특약 범위 안내해드릴게요.상급병실료지원 특약은 특실까지 지원됩니다.따라서 1인실을 사용한 경우에도 기준병실과의 병실료 차액을 지급하여 드립니다. ","자동차보험"
"##Question: 노블레스 플랜 2 안심용품지원특약 지원 횟수 알려줘? ##Answer: 노블레스 플랜 Ⅱ 안심용품지원특약 지원 횟수 안내해드릴게요.안심용품 및 장례용품 지원 특약은 보험기간 중 사고가 여러번 발생하더라도 보험기간 중 사고횟수에 제한없이 사고 1건당 1개의 물품을 지급해드립니다.  ","자동차보험"
"##Question: 노블레스 플랜 2 안심용품지원특약 현금수령 알려줘? ##Answer: 노블레스 플랜 Ⅱ 안심용품지원특약 현금수령 안내해드릴게요.안심용품을 현금으로 지급하게 되면, 위로금 특약이 되기 때문에 금융감독원의 상품개발기준을 위배하게 됩니다. 따라서 현금지급은 불가피하게 제한하고 있습니다. 매사고당 동일한 물품을 지급해드립니다.   ","자동차보험"
"##Question: 노블레스 플랜 2 장례용품 대신 대용품이 제공되는 경우 알려줘? ##Answer: 노블레스 플랜 Ⅱ 장례용품 대신 대용품이 제공되는 경우 안내해드릴게요.지연접수 등으로 장례식 기간 동안 장례용품을 발송할 수 없거나, 고객이 장례용품을 원하지 않는 경우 대용품을 제공해드립니다. 대용품은 장례용품과 동일한 30만원 수준의 고급과일바구니와 관엽화분으로 구성되어 있으며,  현금지급은 불가능합니다. 판매시 고객에게 사망 시 장례용품  또는 대용품이 지급됨을 안내하시기 바랍니다.  ","자동차보험"
"##Question: 노블레스 플랜 2 장례용품 지급 절차 알려줘? ##Answer: 노블레스 플랜 Ⅱ 장례용품 지급 절차 안내해드릴게요.장례용품특약은 사망 직후 신속한 지급이 필요합니다.사고가 접수되어 있지 않거나 확인이 늦게 되면  장례용품을 제공할 수 없기 때문에 대용품이 발송됩니다. 인지 즉시 사고담당 보상직원에게 연락을 하면,  신속한 장례용품 발송이 가능합니다. ","자동차보험"
"##Question: 차선이탈경고장치 할인특약 적용 및 가입 대상 알려줘? ##Answer: 개인용 및 업무용 승용차 중 차선이탈경고장치를 장착한 차량은 가입 가능합니다. 단, 최초 출고 시 피보험자동차에 차선이탈경고장치를 장착한 경우에만 가입 가능합니다. 블랙박스 등 탈부착이 가능한 장치에 해당 기능이 포함된 경우나 혹은 최초 출고 이후 사후적으로 장착된 경우는 포함하지 않습니다. ","자동차보험"
"##Question: 차선이탈경고장치 할인특약 배서로 가입 가능한지 알려줘? ##Answer: 2018년 6월 1일 책임개시 계약건부터 가입 가능하므로 개시일 이전 계약의 배서는 불가합니다. 2018년 6월 1일 개시 계약건이라면 출고시 장착 또는 출고시 옵션 장착에 한해 가능하므로 소급하여 적용 가능합니다. ","자동차보험"
"##Question: 차선이탈경고장치 할인특약 가입시 부속붐 체크가 안되는 경우 알려줘? ##Answer: 국산차의 경우 정규차명코드 사용건이라면 해당 부속품이 출고시 장착, 옵션장착, 장착불가로 구분되어 제공됩니다. 장착불가로 구분된 차명코드의 경우 해당 특약 가입이 불가하니, 차명코드상 해당 부속품이 장착 또는 옵션장착으로 구분된 차명코드로 수정 진행하시기 바랍니다. ","자동차보험"
"##Question: 노블레스 플랜 중도배서 가능한지 알려줘? ##Answer: 신계약 설계시에만 플랜 선택 가능한 유형으로 중도 배서는 불가합니다. 더불어, 자동차상해 및 무보험차상해특약 가입금액 7억은 노블레스 플랜을 통해서만 가입 가능하며, 대물10억, 애니카서비스 고급형 및 긴급견인서비스 확대특약은 담보특약으로 배서 가능합니다. ","자동차보험"
"##Question: 마일리지 환급금 정산특약 알려줘? ##Answer: 마일리지 정산 대상 고객이 전계약의 마일리지 정산금액을 별도로 환급처리 받지 않고, 갱신시 신계약 보험료에서 환급금을 차감하여 결제할 수 있는 특약입니다. ","자동차보험"
"##Question: 마일리지 환급금 정산특약 가입 방법 알려줘? ##Answer: 갱신설계에서 설계완료 버튼을 눌렀을 때 뜨는 마일리지 환급금 정산특약 신청 팝업을 통해 가입하거나, 마일리지 관리리스트에서 계약을 선택한 후 하단의 환급금정산특약의 신청/취소 버튼을 통해 가입 가능합니다.","자동차보험"
"##Question: 마일리지 환급금 정산특약 취소 방법 알려줘? ##Answer: 마일리지 관리리스트에서 계약을 선택한 후 하단의 환급금정산특약의 신청/취소 버튼을 통해 취소 가능합니다.","자동차보험"
"##Question: 마일리지 환급금 정산특약 무조건 가입해야 하는지 알려줘? ##Answer: 특약 가입이 가능한 갱신설계에 대해서 신청팝업이 제공되는데, 신청을 하지 않고 닫기 버튼을 눌러 팝업을 닫으시면 특약이 신청되지 않습니다.","자동차보험"
"##Question: 마일리지 환급금 정산특약 가입 여부 확인 방법 알려줘? ##Answer: 마일리지 관리리스트 화면 오른쪽의 ECO 마일리지 환급금 정산특약에서 특약신청여부를 확인할 수 있습니다.","자동차보험"
"##Question: 마일리지 환급금 정산특약 재가입 되는지 알려줘? ##Answer: ① 이미 환급금을 차감해서 갱신계약을 체결한 경우 취소가 불가합니다.② 전계약 환급금이 미처리보험료로 잡힌 경우 취소는 가능하지만 재가입이 불가합니다.③ 전계약 환급금이 미처리보험료로 잡히지 않은 상태에서는 취소 후 특약 재가입이 가능합니다.","자동차보험"
"##Question: 마일리지 환급금 정산특약 가입화면 진행 방법 알려줘? ##Answer: 마일리지 관리리스트 화면 하단의 환급금정산특약 신청/취소 버튼을 통해 특약 신청이 가능합니다. 특약 신청 후 정산자료 등록을 진행하면 종료정산 완료 후 갱신설계시 보험료 차감 확인할 수 있습니다.","자동차보험"
"##Question: 마일리지 환급금 정산특약 전계약에 잡혀있는 종료정산 환급금 미처리 보험료 출금 방법 알려줘? ##Answer: ① 특약을 신청했더라도 미사용시, 환급금 반영일로부터 5영업일 시점에 계약에 입력된 마일리지 환급계좌로 출금됩니다.② 특약을 취소하면, 취소일의 익일에 계약에 입력된 마일리지 환급계좌로 출금됩니다.③ 특약취소 후 즉시출금을 원하면 마일리지 관리리스트 화면에서 정산특약을 취소하고 콜 부서로 출금요청 하시기 바랍니다. ","자동차보험"
"##Question: 마일리지 환급금 정산특약 정산미리해보기 오류 알려줘? ##Answer: 아래 사유로 인하여 전계약 마일리지 종료정산이 완료되지 않았습니다. 개별 조치가 필요합니다.① 전계약 변경설계가 있는 경우 → 전계약 변경설계를 삭제하고 갱신설계 재승인② 전계약 만기일자가 1개월 초과가 남아 종료정산 진행이 안된 경우 → 전계약 만기일 1개월 이내에 재진행 (정산 특약 미가입으로 진행 가능)③ 기타 마일리지 종료정산 오류 → 마일리지 종료정산 화면에서 재진행 바랍니다.","자동차보험"
"##Question: 마일리지 환급금 정산특약 심사자가 승인 후 미환급금 자동 출금 언제되는지 알려줘? ##Answer: 미처리환급금 계약반영일인 8.4일을 기준으로 5영업일 경과시 계약에 입력된 마일리지 환급계좌로 출금처리가 됩니다.","자동차보험"
"##Question: 마일리지 환급금 정산특약 배서중 취소 방법 알려줘? ##Answer: 현재 전계약에 배서중인 설계가 있으면 취소가 안됩니다. 배서중인 설계를 삭제한 후 정산특약 취소를 다시 하시기 바랍니다.","자동차보험"
"##Question: 자녀사랑 할인특약 알려줘? ##Answer: 1인 또는 부부한정 가입자 중 책임개시일을 기준으로 기명피보험자의 자녀가 만 5세 이한인 경우(태아 포함) 적용보험료의 3~5% 할인해주는 제도입니다. (18.1.24일 신설),자동차보험
"##Question: 자녀사랑 할인특약 적용 대상 및 제출서류 알려줘? ##Answer: 1인 또는 부부한정 가입자 중 책임개시일을 기준으로 기명피보험자의 자녀가 만 5세 이한인 경우(태아 포함) 적용보험료의 3~5% 할인해주는 제도입니다. 적용대상 및 제출서류는 아래와 같습니다.","자동차보험"
"##Question: 자녀사랑할인특약 태아형은 계약기간 중도에 가입 가능한지 알려줘? ##Answer: 분만예정일이 확인되는 서류 첨부해주시면 분만예정일 -280일을 기준으로 가입 가능합니다. ","자동차보험"
"##Question: 자녀사랑 할인특약 중도배서 가능한지 알려줘? ##Answer: 자녀사랑할인특약 태아형의 경우 중도배서 가능합니다. 자녀사랑할인특약 자녀형의 경우는 중도배서 불가합니다. 대상건이라면 책임개시일로 소급 가입되니 변경기준일은 개시일로 설정되어야 합니다.","자동차보험"
"##Question: 자녀사랑 할인특약은 태아보험과 연동되는지 알려줘? ##Answer: 자녀보험만 연동됩니다. 태아형의 경우 무조건 임신확인서 제출되야 합니다.","자동차보험"
"##Question: 자녀사랑할인특약 가입대상 자동연동 알려줘? ##Answer: 자동차보험의 피보험자가 자녀보험의 계약자 또는 부양자로 입력된 경우라면 자동으로 연동되고, 위와 같이 일치하지 않는 경우라면 서류증빙되야 합니다.","자동차보험"
"##Question: 자녀사랑할인특약 피보험자 차량 여러대면 모두 할인 가능한지 알려줘? ##Answer: 개인용 & 1인한정 or 부부한정의 차량이라면 모두 할인 가능합니다. (대수제한 없음),자동차보험
"##Question: 자녀사랑할인특약 전체보험료에서 할인되는지 알려줘? ##Answer: 자녀할인 특약은 ‘적용보험료’를 대상으로 할인하는 것으로 특약을 제외한 6대 담보에 대해 할인이 적용됩니다.","자동차보험"
"##Question: 자녀사랑할인특약 가입시 필요한 서류 알려줘? ##Answer: 임신확인서만 가능합니다. 산모수첩상에는 피보험자에 대한 사항이 제한적으로 기재되어 있으며 관련 사항에 대해 의견 확인 완료된 객관적 증빙자료만 가능합니다.","자동차보험"
"##Question: 자녀사랑할인특약 발급일자 기준일 알려줘? ##Answer: 발급일자 불문하고 자녀의 생년월일 기준입니다,자동차보험
"##Question: 자녀할인특약 중도에 임시운전자특약 배서시 보험료 알려줘? ##Answer: 자녀할인 중도 임시운전자특약 배서건은 해당기간 할인이 미적용되는 형태로 산정됩니다. 임시운전자특약 배서시 산출된 보험료에 할인 미적용된 금액이 추가산정됩니다. (일할적용),자동차보험
"##Question: 자녀사랑 장기 가입 고객 연동 방법 알려줘? ##Answer: 장기 가입한 고객이지만, 계약자와 피보험자 관계를 착오 입력한 경우 (관계: ‘자녀’ 로 입력이 정상) 연동이 안됩니다. 인수요청란에 당사 장기보험 증권번호를 기재하신 후 심사 요청해주세요.","자동차보험"
"##Question: 공동물건 마일리지 특약 가입 되는지 알려줘? ##Answer: 가능합니다. 주행거리연동 특약이 있습니다. 3,000km이하, 5,000km이하, 7,000km 이하 7,000km초과로 선택가입 가능합니다 (‘18.1월 기준)","자동차보험"
"##Question: 화물차 마일리지 특약 가입 되는지 알려줘? ##Answer: 가입대상은 개인용 자동차보험으로, 화물차는 가입이 되지 않습니다.","자동차보험"
"##Question: 마일리지 할인 적용 담보 알려줘? ##Answer: 적용담보는 특약제외한 기본 6개담보입니다. (대인1, 대인2, 대물, 자손(차상), 무보험, 자차)","자동차보험"
"##Question: 마일리지 지점심사 내용 알려줘? ##Answer: 기본적으로는 차량번호, 계기판의 ODO 숫자, 등록일과 사진제출일 차이가 3일 이내인지 확인하셔야 합니다.","자동차보험"
"##Question: 마일리지 특약 가입시 기재한 계좌번호 확인하는 화면 알려줘? ##Answer: 18.2.20일 부터 계약조회 > 계약자 및 추가사항 > 추가정보에서 확인이 가능합니다,자동차보험
"##Question: 마일리지 배서 가입 가능 기간 알려줘? ##Answer: 배서로 가입하시는 경우에는 보험기간이 3개월 이상 남아있어야 가능합니다. 보험 종기일자를 확인해주세요.","자동차보험"
"##Question: 계약자가 사망한 경우 환급 방법 알려줘? ##Answer: 지역단 담당심사자 통하여 마일리지 종료정산배서 강제진행 요청하셔서 승인받으신 후, 상속인이 가까운 고객지원센터 창구 방문하여 직접 수령 가능합니다.방문전에 1588-5114 또는 가까운 창구에 구비서류 미리 문의 후 방문 바랍니다.","자동차보험"
"##Question: 마일리지 실제 주행거리 변경후 환급 가능한지 알려줘? ##Answer: 4천km약정후 1만km이하로 주행시 1만km 기준으로 정산하고 1만km약정 후 4천km이하로 주행시 4천km 기준으로 정산합니다. 보험기간중에 따로 약정주행거리 변경배서를 하실 필요는 없습니다.","자동차보험"
"##Question: 차량 대체 전 마일리지 정산배서 진행 알려줘? ##Answer: ① 대체 후 차량 마일리지 가입요청 시 대체배서에 변경전후 마일리지 사진 첨부 & 마일리지 정보 설계입력하여 대체배서 진행② 대체 후 차량 마일리지 가입 미요청 시정산환급은 불가하며 가입무효배서를 먼저 한 후 차량대체 진행* 차량대체 예정인 건은 대체 전 종료정산을 하시면 안됩니다. 종료정산 기간 이전에 종료정산배서를할 수 있는 건은 중도 해지예정이나 해지 완료된 것 들이며, 그 외에는 정산배서 불가합니다. 이는 중간에 정산한다고 그 날짜만큼만 환급금이 나가는 것이 아니라 마일리지 가입일부터 만기일까지 계산된 환급금이 나가기 때문입니다.","자동차보험"
"##Question: 마일리지 배서 선택항목 알려줘? ##Answer: ① 마일리지(가입): 마일리지 특약에 새롭게 가입할 때② 마일리지(고지정정): 마일리지 가입시 최초누적운행거리 착오 입력, 제출일 착오입력하여 정정이 필요할 때③ 마일리지(가입무효): 사진 제출기한이나 OBD 자료 전송 기한을 위배했거나 종료 시 OBD 정보 전송을 하지 않은 경우④ 마일리지(정산): 계약종료(해지포함) 시 직접 사진제출 등에 의한 정산배서를 할 때","자동차보험"
"##Question: 마일리지 정산 자동배서가 안되는 경우 알려줘? ##Answer: 자동배서가 되는 시점에 다른 배서가 진행 중이거나, 계좌번호 확인이 되지 않는 경우 등에는 자동배서 생성이 불가합니다. 이런 경우에는 변경총괄에서 마일리지 종료정산배서를 선택하여 직접 사진 등록 및 정산배서를 진행해주시면 됩니다.","자동차보험"
"##Question: 마일리지 신설시 기존 계약에도 적용되는지 알려줘? ##Answer: 정산 예) 최초가입 시 1만km형으로 가입한 차량은 1만km 이하로 타셔야 환급 가능합니다. 해당 1만Km 판매시에는 1만2천km특약이 없었으므로 해당 특약으로 환입이 불가능합니다.","자동차보험"
"##Question: 마일리지 계기판에 어느 수치가 현재 주행거리인지 알려줘? ##Answer: 현재주행거리는 ODO 옆에 있는 수치이고 통상 자연수로 표시됩니다. (trip(=임의주행거리)은 통상 소수점으로 표시되며, 주행가능거리는 현재 주유된 기름으로주행가능거리를 나타내는 수치입니다.) 즉 ODO수치가 보이도록 계기판을 촬영해주시면 됩니다.","자동차보험"
"##Question: 마일리지 계기판에 수치가 마일로 표시된 경우 알려줘? ##Answer: 그 수치에 1.61을 곱하여 km로 환산한 수치를 적어주시면 됩니다. (네이버에서 ‘단위환산’ 을 이용하시면 편리합니다),자동차보험
"##Question: 마일리지 특약 사진 직접제출정산 기간 알려줘? ##Answer: 보험 종기 45일전부터 종기 1개월후까지 기간동안 정산하시면 됩니다.","자동차보험"
"##Question: 자동차 양도한 경우 주행거리 확인 방법 알려줘? ##Answer: 차량폐차증명서에 폐차시 주행거리가 기재되어 있으면 해당 서류로 인정 가능합니다.","자동차보험"
"##Question: 마일리지 사진 직접등록 배서 정산 안되는 경우 알려줘? ##Answer: 계좌오류, 사진불명확, 자동정산 배서 반영시점에 다른 배서설계 생성된 경우는 자동 정산이 반영되지 않습니다. 종료정산 배서를 직접해주시기 바랍니다.","자동차보험"
"##Question: 마일리지 사진이 이미지시스템에 등록된 날짜와 설계상 제출일이 차이나도 되는지 알려줘? ##Answer: 이미지시스템 등록일 = 제출일이 원칙이나 차이가 3일 이내인 경우는 감안처리 가능합니다.","자동차보험"
"##Question: 중형화물승합 애니카 서비스 견인추가 특약 중도 배서 가능한지 알려줘? ##Answer: 17년 7월 1일 책임개시 계약부터 신규 및 배서가입 가능합니다.","자동차보험"
"##Question: 중형화물승합 애니카 서비스 견인추가 특약 가입대상 차종 알려줘? ##Answer: 1.4톤이하의 화물차량 중 애니카서비스(중형화물승합)특약 가입대상 차종이 가입할 수 있습니다. 냉동, 냉장, 보냉, 탱크로리, 사다리, 집게장치, 바구니장치, 기중기, 활어, 기타차형태 등. 애니카서비스(중형화물승합)특약을 가입한 차량이 이 추가특약을 별도로 가입하면, 견인 또는 타이어교체서비스를 받을 수 있습니다.","자동차보험"
"##Question: 1톤 활어차 애니카서비스 견인추가특약 가입 가능한지 알려줘? ##Answer: 1톤 활어차는 2018년 6월 1일 책임개시 계약부터 애니카서비스(중형화물승합)특약 가입 가능합니다. ","자동차보험"
"##Question: 중형화물승합 애니카 서비스 견인추가 특약 서비스 내용 알려줘? ##Answer: 견인서비스와 타이어교체서비스가 제공됩니다. 견인서비스는 자력으로 이동이 불가능한 경우, 1일 1회 10km에 한해 서비스 제공해 드리며, 10km가 넘는 경우 비용은 고객부담으로 합니다. 타이어교체서비스는 고객이 예비타이어를 보유하고 있는 경우 제공해 드리며, 화물차는 타이어수리가 불가능하기 때문에 타이어펑크 수리 서비스는 제공하지 않습니다. (타이어 교체가 불가능할 경우 견인 제공)","자동차보험"
"##Question: 애니카서비스(중형화물승합) 견인추가 특약 서비스 제공횟수 알려줘? ##Answer: 견인 및 타이어교체 추가특약의 보험기간이 1년인 경우 견인서비스 또는 타이어교체서비스를 1년간 2회 제공합니다. (이 특약이 단기(1년미만)일 경우 1회 제공) 따라서 기존계약에 배서가입하여 이 추가특약 가입기간이 1년 미만일 경우 서비스는 1회 제공됩니다. 또한 이 추가특약은 기존 애니카 중형화물승합 특약의 서비스(배터리충전, 잠금장치해제, 비상급유)를 전부 사용하더라도 견인 및 타이어교체 서비스를 별도로 제공해 드립니다.","자동차보험"
"##Question: 견인확대추가특약 추가로 가입 가능한지 알려줘? ##Answer: 견인확대추가특약은 무상 견인거리를 10km에서 50km로 확대하는 특약이며, 애니카서비스특약 가입차량만 가입 가능하므로, 견인확대특약은 가입할 수 없습니다.","자동차보험"
"##Question: 지입 차주가 학원장에게 운송 대가로 급여를 받으면 유상운송인지 알려줘? ##Answer: 유상운송입니다.","자동차보험"
"##Question: 환자에게 요금을 받고 이송시 유상운송인지 알려줘? ##Answer: 유상운송입니다.","자동차보험"
"##Question: 시니어특약 가입조건 알려줘? ##Answer: 다음의 조건을 모두 만족하는 경우 가입 가능합니다. ① 피보험자 연령 만65세 이상② 개인용 상품③ 기명피보험자1인 또는 부부한정 특약 가입④ 도로교통공단 교통안전교육 중 ‘인지-지각검사 및 평가’ 점수 42점 이상 수료 혹은 '인지능력 자가진단'의 '운전능력진단' 1~3등급가입대상: 개인용 승용","자동차보험"
"##Question: 시니어특약 가입시 필요한 서류 알려줘? ##Answer: 교통안전교육 점수 및 등급을 확인할 수 있는 증명서류(도로교통공단에서 발급)* 유효기간  - 운전인지,지각평가 2年 - 인지능력 자가진단 3年           ","자동차보험"
"##Question: 나눔특약 가입 제출서류와 발급처 알려줘? ##Answer: 나눔특약의 종류에 따라 아래와 같습니다.","자동차보험"
"##Question: 섬진역 애니카 서비스 되는지 알려줘? ##Answer: 일부 섬지역은 서비스가 제공됩니다.※ 약관상 보상하지 않는 손해: 이 특별약관에서 정한 서비스의 요청지가 견인차가 도착하기어려운 지역이나 도서지역(제주도 및 연륙교로 연결된 도서지역은 제외), 산간지역인 경우와 기타 보험회사가 서비스 제공이 불가능하다고 판단되는 경우에는 서비스를 제공하지 아니합니다.","자동차보험"
"##Question: 국산차량인데 잠금장치해재 제외로 가입 가능한지 알려줘? ##Answer: 서비스가 기술적으로 제공되는 않는 외제차, 국산차 중 특수잠금장치, 사이드에어백 장착 차량만 가입 가능합니다.","자동차보험"
"##Question: 화물3종인데 애니카서비스 특약 가입 방법 알려줘? ##Answer: 3종 화물 중 1.4톤 이하는 애니카서비스 특약, 1.4톤 초과 2.5톤이하는 중형화물승합애니카 서비스특약으로 가입하셔아 합니다. 차종 및 알릴사항의 적재톤수를 확인하시기 바랍니다. 단 중형화물승합 애니카서비스 특약은 업무용만 가입이 가능합니다.","자동차보험"
"##Question: 애니카서비스 배터리 충전 제외형 가입대상 차량 알려줘? ##Answer: 하이브리드카, 전기차 限 가입가능.","자동차보험"
"##Question: 애니카서비스 몇 회 사용 가능한지 알려줘? ##Answer: 애니카 서비스 총 6회 사용가능하며, 동일증권이 아닌 단기계약은 총 3회 사용가능합니다. 단, 비상급유서비스는 보험기간 중 총 2회만 사용가능합니다. 중형화물승합 애니카특약은 총2회 사용가능(단기계약은 1회).","자동차보험"
"##Question: 중형화물승합 애니카특약 가입대상 알려줘? ##Answer: 2종화물, 3종화물(1.4톤초과), 2종승합, 길이 6M이상의 3종승합, 기타 회사가 인정차 차량에 한하여 가입가능합니다","자동차보험"
"##Question: 중형화물승합 애니카서비스는 왜 3회만 제공하는지 알려줘? ##Answer: 중형화물승합 애니카 가입 차종의 경우 견인, 구난, 타이어 교체 및 수리를 위해서는대형 견인차 등의 장비가 필요하고 또한 대형 견인차를 보유한 별도 업체로 서비스를 제공할 수는 있으나, 서비스 품질 등을 고려하여 부득이 3대 서비스로 운영하고 있습니다.","자동차보험"
"##Question: 중형화물승합 애니카의 비상급유는 왜 5리터를 제공하는지 알려줘? ##Answer: 연료 완전 소진시 중형화물승합 차종은 최소 5리터의 연료가 있어야 시동이 가능하며, 5리터 초과의 급유를 원하시는 고객은 실비용을 직접 부담하여 추가급유를 할 수 있습니다.","자동차보험"
"##Question: 하이브리드형 국산차 배터리충전 서비스 알려줘? ##Answer: 14년 5월 21일 판매계약부터 하이브리드카 배터리충전 서비스를 제공하고 있습니다. (기존 일반차량의 배터리 충전방식과 동일) 단, 전기차와 수소차는 안정성문제로 인해 충전서비스 대신 견인서비스를 제공하고 있습니다. 배터리충전제외로 진행하시면 됩니다.","자동차보험"
"##Question: 애니카서비스 특약 환급 보험료 없는 경우 알려줘? ##Answer: 애니카서비스를 1번이라도 사용했다면, 사고해지가 되어 환급보험료가 없습니다!","자동차보험"
"##Question: 유상운옹자동차 알려줘? ##Answer: 요금이나 대가를 목적으로 사용하거나 대여하는 차(승합 ·다목적승용·구급자동차에만 해당)·요금 대가의 수수-> 요금이나 대가를 주고 받기로 하는 약정이 있는 것도 포함, 운행실비 상당액(유류대, 차량 유지비, 인건비 등을 상품 대금에 포함시켜 받는 경우)만 받는 경우는 대가로 볼 수 없음·유상운송 행위의 반복-> 자동차보험약관에서는 그 행위 자체가 유상운송에 해당되고 그러한 유상운송 행위가 반복적으로 행해졌을 때에 면책조항으로 유상운송에 해당된다고 봄. 이때 반복성이란 반복의 의도가 있다고 객관적으로 상당할 경우에는 반복행위의 제 1회의 경우를 포함하며 그 횟수는 년간 2회 이상이라고 보고 있음","자동차보험"
"##Question: 애니카서비스 특약 중도가입 가능한지 알려줘? ##Answer: 중도 가입하는 것은 가능하나 애니카서비스를 모두 다 사용하여 소진 되셨다면 추가로 가입하실 수 없습니다.","자동차보험"
"##Question: 단기계약 애니카 서비스 횟수 알려줘? ##Answer: 단기계약으로 서비스는 3회 제공됩니다","자동차보험"
"##Question: 애니카서비스 특약 추가가입 지침 알려줘? ##Answer: 2014.10.16일부터 변경된 애니카서비스특약 6회 소진후 추가가입은 불가합니다.","자동차보험"
"##Question: 리프트 장착 차량 적용 특별요율 알려줘? ##Answer: 리프트, 리프트게이트는 특별요율 미부과 대상이고 언더리프트는 기중기요율 부과대상입니다. 언더리프트 장착된 차량은 차종은 특수작업용입니다.","자동차보험"
"##Question: 10년 초과 외제차 스포츠카요율 부과 대상 여부 알려줘? ##Answer: 10년 초과 외제차도 스포츠카요율 부과대상입니다. 단 공동물건은 10년 이하만 부과됩니다.","자동차보험"
"##Question: 크레인집게차 적용 특별요율 알려줘? ##Answer: 통상적으로 둘 다 붙는 경우는 없으며, 기중기인지 집게인지 확인 후 해당 되는 특별요율 부과바랍니다. (기중기: 기중기요율 / 집게: 특수장비요율 부과) 차명코드의 차명이 ‘크레인’인 경우는 기중기요율이 자동부과되니, 집게차인 경우는 다른 화물차명코드사용바랍니다.","자동차보험"
"##Question: 고물쓰레기운반요율 부과 대상 차량 알려줘? ##Answer: 네. 부과대상입니다. 쓰레기(생활·재활용 쓰레기, 고물, 폐지, 폐의류, 가로 청소물, 분뇨), 건축폐기물, 고체의 사업장폐기물(고철, 폐가전제품, 폐금속, 폐목재, 폐합성수지 등)을 수거, 적재, 운반하는 차량에 대하여 적용합니다.","자동차보험"
"##Question: 탑차형요율 부과대상 차량 알려줘? ##Answer: 밴형이 아닌 화물적재공간에 고정된 박스형태의 적재공간이 설치된 자동차에 대하여 적용하므로 천막으로 된 화물차는 부과대상 아닙니다.","자동차보험"
"##Question: 덥개 차량 탑차형요율 부과 대상 여부 알려줘? ##Answer: 엑티언스포츠는 밴형차량입니다. 밴형차량은 탑차형요율 부과대상이 아닙니다.","자동차보험"
"##Question: 택배용도자동차요율 부과대상 차량 알려줘? ##Answer: 이륜차 퀵서비스는 부과대상이 아닙니다. 택배용도자동차요율 부과대상은 영업용 화물 4종(개인소유,법인소유, 경화물 포함)입니다.","자동차보험"
"##Question: 중도에 경력지정자 배서하면 언제부터 경력 인정되는지 알려줘? ##Answer: 변경기준일자부터 경력이 인정됩니다. 단, 중도에 연령한정이나 운전자한정특약 배서를 하지 않았던 계약일 경우 개시일 기준 소급가능합니다.","자동차보험"
"##Question: 경력지정자 소급처리 되는지 알려줘? ##Answer: ① 만기전 계약은 소급 지정, 변경 지정 배서가능② 만기된 계약 경력자 지정 되어있지 않았던 계약에 소급지정 가능③기존 경력자 지정이 되어있었던 계약이면 소급변경은 불가","자동차보험"
"##Question: 경력지정자 영문가입증면서 발급되는지 알려줘? ##Answer: 영문가입증명서, 무사고증명서에서는 발급대상은 가족운전자중 1인으로 기재하여 발급이 가능하므로, 경력지정자가 가족인 경우 증명서 발급이 가능합니다. 만일 지정1인 운전자를 경력지정자로 선정하여 가입한 경우 경력지정자가 가족이 아니므로 증명서 발급은 불가합니다.","자동차보험"
"##Question: 경력지정자가 피보험자 운전경력 승계 되는지 알려줘? ##Answer: 피보험자의 기존 경력을 모두 승계하는 것이 아니라 경력지정 시점부터 경력이 인정되는 것입니다.","자동차보험"
"##Question: 차량대체 배서후 차량가입경력율은 어떻게 적용하는지 알려줘? ##Answer: 차량 대체 후, 대체 전후 차량은 동일 차량으로 간주합니다. 다른 차량 유지 중인 내용이 없다면,해당 타사 갱신차량의 차량가입경력은 ‘비대상’으로 입력하여 설계 진행하세요.단, 타사 최근 변경 건에 대해서는 개발원 조회를 통해 내용 확인이 어려우니, 타사(전가입사) 가입증명서를발급 받으시어 스캔해 주시면 됩니다.","자동차보험"
"##Question: 임시운전자특약 알려줘? ##Answer: 선택한 특정 기간동안 전연령 및 기본운전으로 처리하는 변경으로 효력은 개시일 24시부터 종료일 24시까지입니다. 적용상품은 개인용군, 업무용군(일반물건) 중 법인승용, 업무용군(일반물건) 중 피보험자가 개인인 4개 차종 (4종화물, 경화물, 3종승합, 경승합)이며 선택가능한 특약 일수는 1~30일입니다.","자동차보험"
"##Question: 사실혼 관계인 배우자도 가족 범위ㅣ에 포함되는지 알려줘? ##Answer: 2018.3월) 피보험자 A씨 가족한정특약가입 신규보험 체결2018.5월) 피보험자 A씨와 사실혼관계에 있는 운전자 B씨 차량 운전중 대인사고 발생, 현재 B씨는 호적상 배우자가 있는 상태임 (이혼전 상태)→ 현재 A와 B가 사실혼 관계라 해도, B의 법률상 배우자가 존재하므로 A와 B는 가족의 범위에 포함되지 않음","자동차보험"
"##Question: 적모서자 관계에서 운전가능 범위가 어떻게 되는지 알려줘? ##Answer: · 친부(A)와 친모(D)와의 혼인중에 친자(B)출생, 친부(A)가 이혼 후 계모(C)와 재혼한 경우· 친부(A), 친자(B), 계모(C), 친모(D)① A-B : 부자관계. A가 가족한정특약 가입시 B는 운전가능② A-C : 부부관계. A가 가족한정특약 가입시 C는 운전가능③ B-C : 계모관계. C가 가족한정특약 가입시 B는 운전가능④ A-D : 관계없음. 이혼으로 부부관계 말소⑤ B-D : 모자관계. D가 가족한정특약 가입시 B는 운전가능 ","자동차보험"
"##Question: 자동차 법률비용중에 형사합의금만 따로 가입할 수 있는지 알려줘? ##Answer: 현재 판매중인 상품에서 법률비용지원특별약관은 방어비용&형사합의금&벌금이 포괄된 특약상품입니다. 그러나 예외적으로 벌급제외 상품의 경우, 방어비용 & 형사합의금만, 방어비용 한정추가 특별약관의 경우, 방어비용만 적용되고 있으며, 형사합의금만 단독으로 가입 가능한 상품은 판매되고 있지 않습니다.","자동차보험"
"##Question: 장기보험 해지 후 자동차 법률비용지원특약 가입 방법 알려줘? ##Answer: 실손조회를 다시 한번 하시고 설계 진행을 하셔야 합니다.","자동차보험"
"##Question: 법률비용지원특약 인원 승인 기준 알려줘? ##Answer: 고객이 실손형 특약(형사합의금, 벌금담보, 방어비용 포함) 가입시 중복계약임을 사전에 안내하여 불필요한 중복가입을 최소화하기 위하여 자동차보험 가입시 기명1인, 지정1인한정특약을 가입하면서 실손 보상되는 특약에 가입시 중복보험 가입여부를 확인하고 있습니다.","자동차보험"
"##Question: 애니카서비스 담보 중도 재가입 알려줘? ##Answer: 담보, 특약 중도 해지 후 재가입하는 것은 보험료 산출이 불가하기 때문에 다른 담보와 동일하게 해지후 중도추가 불가합니다.","자동차보험"
"##Question: 애니카서비스 잠금장치제외형 가입대상 차량 알려줘? ##Answer: 외제차 전차량 & 국산차 중 이모빌라이져, 스마트키, 사이드에어백 등이 장착된 차량입니다.","자동차보험"
"##Question: 타이어 펑크 2개 이상 났을때 애니카서비스 이용방법 알려줘? ##Answer: 타이어펑크수리 서비스는 손상부위 1개에 한해 서비스를 제공합니다. 고객께서는 1개 부위만 서비스받고 나머지 부분은 자비를 부담하시어 서비스 이용하시거나 6회 제공되는(단기계약의 경우 3회) 애니카서비스 이용횟수 중 2회를 동시 사용하여 서비스 이용이 가능합니다.","자동차보험"
"##Question: 중형화물 승합차 애니카서비스 횟수 알려줘? ##Answer: 보험기간 중 2회 사용가능합니다. (단기계약은 1회)※ 애니카서비스(중형화물승합) 가입차종은 화물 (1.4톤초과~5톤이하), 승합 (16인승초과~25인승이하)이며 서비스종류는 배터리충전,잠금장치해제,비상급유 (3대서비스)입니다.","자동차보험"
"##Question: 애니카서비스 이용 횟수 알려줘? ##Answer: ① 애니카서비스는 총6회 이용가능합니다. (기존5회 → 14.10.16일 책임개시부터 6회로 변경)* 동일증권도 6회 제공, 단기계약은 기존과 동일하게 3회 제공② 서비스 내용은 다음과 같습니다.⑴ 비상구난: 피보험차의 도로이탈, 장애물 등으로 자력운행 불가시 (구난소요 30분내)⑵ 긴급견인: 피보험차의 사고 또는 고장으로 운행불가시 1일1회에 한해 10km범위내 정비공장까지 견인⑶ 비상급유: 피보험차의 운행 중 연료의 완전소진으로 운행불가시 1일1회에 한해 3리터한도⑷ 잠금장치해제: 열쇠분실 등으로 운전석의 잠금장치를 해제할 수 없을 때 운전석에 한함⑸ 배터리 충전: 피보험차의 배터리방전으로 운행불가시 임시충전⑹ 타이어교체: 피보험차의 타이어파손으로 운행불가시 내장된 예비타이어로 교체 등","자동차보험"
"##Question: 군운전경력 인정 받기 위한 서류 알려줘? ##Answer: 주특기코드 및 운전기간이 기재된 병무청 발행 병적증명서 제출이 원칙이나 병적증명서를제출할 수 없는 경우에 한해서는 (현직 군인 등), 주특기번호 및 운전기간이 명시되고 장성급 지휘관 이상의 직인이 찍힌 군경력확인서도 인정가능합니다.","자동차보험"
"##Question: 병적증명서 발행할때 운전기간 추가 방법 알려줘? ##Answer: 병무청 발행 병적증명서의 운전기간은 고객 요청시 입력되는 추가사항입니다. 따라서 병적증명서 발행 시 ‘군운전기간’ 기재를 요청하셔야 합니다.","자동차보험"
"##Question: 군대 건설기계 운전경력 인정되는지 알려줘? ##Answer: 자동차보험 가입대상 차종에 한하여 경력 인정됩니다. 병과가 운전과 관련이 없는 군장비수송이나 건설기계 운전(병과: ‘공병’)은 제외됩니다.","자동차보험"
"##Question: 군인전경력 인정 받았는데 보험료가 인상되는 이유 알려줘? ##Answer: 가입경력은 보종, 차종, 차령, 할인할증등급에 따라 적용율이 달라지며, 경우에 따라 경력이 1년 증가했음에도 불구하고 경력요율이 할증될 수 있습니다. 자동차보험가입 경력이 1년 경과한 것이 아니라 군경력, 법인운전경력 등 별도로 인정받는 경우에는 가입설계시 운전경력(관공서, 법인)에 ‘있음’ 으로 체크해서 진행하시면 됩니다.","자동차보험"
"##Question: 법인체 운전경력 인정 기준 알려줘? ##Answer: ① 택배 배송기사나 순찰차량 운전 경찰 등 직업의 특성상 운전을 많이 한다고 해서 경력을 인정하지는 않습니다. 단, 소방운전직의 경우 소방서장 명의의 확인서와 대형1종 운전면허 사본 첨부 시 인정 가능합니다. ② 오직 순수 운전직에 한하여 인정됩니다. 예) 법인대표의 전문 운전기사","자동차보험"
"##Question: 법인 운전경력 인정시 상장법인이어야 되는지 알려줘? ##Answer: 법인이 반드시 상장법인일 필요는 없습니다. 구비서류는 1. 운전 경력증명서 2. 근로소득 원천징수영수증  입니다.","자동차보험"
"##Question: 법인 운전경력 인정시 필요한 서류 알려줘? ##Answer: 법인경력을 인정받기 위해서는, 순수 운전직이여야합니다. 즉, 스쿨버스기사, 시내버스 기사, 택시기사 등에 한하며 유선방송 설치기사 불가, 택배 등 업무를 위한 운전직은 불가함※ 순수운전직이 맞다면 재직/ 경력증명서 ( 구체적인 운전직무와 근무기간기재)와 원천근로징수영수증을 이미지 스캔후에 심사 요청란에 발급자 유선연락처를 기재해야 함","자동차보험"
"##Question: 외국보험가입경력으로 중도 환급 가능한지 알려줘? ##Answer: 가능합니다. 해당서류(보험가입증명서, 출입국증명서) 구비 후 요율 정정하면 됩니다.","자동차보험"
"##Question: 외국보험 가입증명서 사본도 인정되는지 알려줘? ##Answer: 사본도 인정 가능합니다.","자동차보험"
"##Question: 외국보험 가입경력 인정 방법 알려줘? ##Answer: 해외 보험가입 경력이 확인 가능한 외국보험사 자동차가입증명서(보험증권도 가능) 및 해외 체류일자를 확인할 수 있는 출입국 증명서 첨부해주시면 됩니다.","자동차보험"
"##Question: 독일어로 된 경력증명서도 인정되는지 알려줘? ##Answer: 공용어인 영문 서류가 기본 원칙입니다, 보험가입기간이 확인 가능한 경우는 인정이 가능한 경우도 있습니다. 영문서류로 재안내하셔야 합니다.","자동차보험"
"##Question: 외화표시보험에 가입했던 경력도 인정 되는지 알려줘? ##Answer: 경력은 인정되지만 할인할증은 국문보험과 승계되지 않습니다.","자동차보험"
"##Question: 경력지정자 고객등록시 본인동의가 필요한지 알려줘? ##Answer: 네 맞습니다. 개인정보 보호법에 의거 경력지정자 본인 동의를 받으셔야 합니다.","자동차보험"
"##Question: 모든 상품에서 경력지정자 등록이 가능한지 알려줘? ##Answer: 아닙니다. 개인용/업무용 개인소유 상품에 한하여 경력지정자 등록이 가능하며, 업무용 단체와 영업용 등 다른 상품에서는 등록이 불가합니다.","자동차보험"
"##Question: 경력지정자 지정 가능한 사람 알려줘? ##Answer: 원칙은 운전자한정특약에 맞는 운전자 중 가족에 한하며, 가족 및 형제자매 한정특약의 경우에는 형제자매도, 지정1인이 추가된 특약에서는 지정1인도 선택할 수 있습니다.","자동차보험"
"##Question: 가족한정 특약 가입할때 두명 이상 경력지정자 지정이 되는지 알려줘? ##Answer: 네. 16년 10월 1일 이후 책임개시 계약부터 운전가능자가 2명 이상인 경우 운전가능자 중 2인 지정 가능합니다.","자동차보험"
"##Question: 경력지정자 지정 방법 알려줘? ##Answer: 신계약과 배서 모두 가능하며, 알릴 사항에 경력지정자의 이름, 주민번호, 피보험자와의 관계를 입력하시면 됩니다.","자동차보험"
"##Question: 차량 다수보유시 차량별로 경력지정자 지정이 가능한지 알려줘? ##Answer: 네 맞습니다. 차량별로 서로 다른 경력지정자를 지정할 수 있습니다.","자동차보험"
"##Question: 공동물건도 경력지정자 지정되는지 알려줘? ##Answer: 네 가능합니다.","자동차보험"
"##Question: 경력지정자가 나중에 보험 가입시 필요한 서류 알려줘? ##Answer: 아니오, 개발원에서 경력지정자로 가입된 계약의 경력이 확인되므로 추가로 필요한 서류가 없습니다.","자동차보험"
"##Question: 종료 계약도 경력지정자 소급배서가 되는지 알려줘? ##Answer: 경력지정자 최초 미선정 후, 소급하여 경력지정자 입력 요청할 경우 보험기간내 및 계약종료 후에도 모두 가능합니다.","자동차보험"
"##Question: 2013년 9월 1일 이전 책임개시계약에서 경력지정자 배서가 되는지 알려줘? ##Answer: 아닙니다. 경력지정자 제도는 2013년 9월 1일 책임개시 이후 계약에서만 지정이 가능합니다.","자동차보험"
"##Question: 경력지정자를 중도에 변경 할 수 있는지 알려줘? ##Answer: B가 연령 및 운전자한정과 경력지정자선정범위 조건에 맞을 경우 보험기간 내에는 가능하고, 계약종료 후에는 변경 불가합니다.","자동차보험"
"##Question: 중간에 차량을 추가 구매한 경우 설계 방법 알려줘? ##Answer: 대부분의 경우 동일증권이 장기적으로 요율상 유리하나, 예외가 있을 수 있음 즉, 동일증권으로 가입한 경우와 가입하지 않는 경우 향후 갱신 요율을 비교하여 보다 유리한 경우로 선택하여 체결해야 함※ 동일증권으로 단기계약 추가시 요율상 불리할 수 있는 경우① 기존 계약이 P등급을 적용 & 평가기간 중 사고가 없는 경우→ 동일증권으로 단기계약을 체결 후 갱신시 갱신등급은 두 대 모두 F등급을 적용하므로, 원계약의 P등급이 해제되어 보호등급의 혜택을 더 이상 받을 수 없음② 평가기간 중 사고가 있는 경우→ 어떤 차량이 원계약이 되느냐에 따라 유불리가 달라질 수 있으므로 주의","자동차보험"
"##Question: 저과실할인유예사고 알려줘? ##Answer: · 평가대상기간 內발생한 사고 중 과실 50%미만 사고1건* 과실 50%미만 사고가 2건이상일 경우 사고점수가 가장 높은 사고1건단, 사고점수도 동일한 경우 가장 먼저 발생한 사고 1건· 법인소유자동차의 경우에도 동일하게 적용 (음주운전 등 사고원인별 점수 현행 동일적용)· 계약갱신時평가대상사고의 확정과실 또는 예상과실 기준으로 적용※ 갱신 후 과실 변경時보험료 추징 또는 환급 발생","자동차보험"
"##Question: 보험 가입경력요율 알려줘? ##Answer: 피보험자가 과거 자동차보험에 가입했던 경과기간을 1년 미만, 2년 미만, 3년 미만, 3년이상으로 구분하여 차령 등에 연동하여 적용하는 요율① 2개 이상 보험기간 중복 시 하나의 기간으로 간주② 인가된 자동차학원의 대표자 소유 자동차로 운전교습, 도로주행교육, 시험에 사용 시 법인소유 승용차 가입경력률 적용③ 관련법규 및 행정지시로 법인(관공서) 흡수합병 후 신규법인, 법인명칭 및 종류 변경 시 합병전, 변경전 법인의 보험가입 경과기간 인정④ 08.1월 이륜차보험에도 가입경력요율 신설","자동차보험"
"##Question: 경력인정 유형 알려줘? ##Answer: 보험에 가입하지 않았으나 운전경력을 인정하여 보험가입 경과기간으로 간주하는 유형① 군에서 운전병으로 운전한 기간 : 주특기가 운전병 & 자동차보험 가입차종 운전② 외국에서의 자동차보험 가입기간 : 해외 보험가입경력 확인 가능한 보험사에 한함③ 관공서, 법인체 운전직으로 근무한 기간순수운전직에 한하여 인정 (예) 법인대표의 전문운전기사, 법인 택시, 버스기사 등④ 공제가입기간","자동차보험"
"##Question: 동일증권 미가입 상태 유지중일때 중복계약 체결 후 해지해야하는지 알려줘? ##Answer: 사고 및 평가대상 기간에 따라 해지&중복으로 동일증권으로 추가하는 것이 요율상 불리하거나, 면탈될 수 있으므로, 담당 심사자에게 확인 후 진행하시기 바랍니다.","자동차보험"
"##Question: 동일증권이 항상 유리한지 알려줘? ##Answer: 동일증권으로 가입하면 사고 할증이 동일증권으로 가입하는 차량대수 만큼 나누어서적용되기 때문에 유리합니다. 단, 최고 할인등급에서는 사고가 없는 경우 개별갱신이 유리할 수 있습니다.","자동차보험"
"##Question: 11인승 승합과 개인용차량 동일증권 가능한지 알려줘? ##Answer: 11인승 차량은 개인용이아닌 업무용 승합차량으로, 개인승용과는 동일증권 가입대상이 아닙니다. 11인승 승합은 개인승용과 요율승계도 불가합니다.","자동차보험"
"##Question: 계약을 개별 갱신 후 동일증권으로 다시 가입되는지 알려줘? ##Answer: 아닙니다. 다시 동일증권으로 가입할 수 있는 방법은 없습니다.다만 보험기간이 동일한 경우에는 차량 3대의 개별갱신 등급과 동일증권 등급이 다른 경우 동일증권 요율로 요율정정배서를 진행해 주시면 됩니다.","자동차보험"
"##Question: 차량을 동일증권으로 묶었는데 표준등급이 다른 이유 알려줘? ##Answer: 동일증권을 중도에 추가하는 경우 표준등급은 원계약에서 추가되는 차량의 사고점수를 차감하여 적용합니다. 즉 추가되는 차량이 사고가 있는 경우 원계약과 표준등급이 달라질 수 있습니다.","자동차보험"
"##Question: 취급자가 다른 계약건들을 동일증권으로 가입 가능한지 알려줘? ##Answer: 취급자(관리 RC)가 다른 것은 동일증권 체결시 영향을 미치지 않습니다. (오프라인 계약과 삼성화재 다이렉트 계약도 동일증권으로 가입할 수 있습니다.)","자동차보험"
"##Question: 동일증권 단기로 가입 가능한지 알려줘? ##Answer: 네, 동일증권도 단기 가입이 가능합니다. 단기계약도 책임개시, 종기를 맞춰서 가입시 동일증권 갱신으로 설계가 가능합니다.","자동차보험"
"##Question: 애니카 다이렉트 상품과 동일증권으로 가입 가능한지 알려줘? ##Answer: 네. 애니카 다이렉트 상품과 동일증권을 묶을 수 있습니다. 동증 갱신으로 동일하게 설계하시거나, 다이렉트 계약이 반영된 후 동일증권 추가로 설계하시면 됩니다.","자동차보험"
"##Question: 동일증권여부 확인 방법 알려줘? ##Answer: 계약일괄, 계약상세(알릴사항)에서 확인이 가능함","자동차보험"
"##Question: 차량대체 존재하는 계약건을 동일증권으로 묶는 방법 알려줘? ##Answer: 동일증권갱신으로 선택하시고 오른쪽 돋보기 클릭 - 새로운 목록 선택 - 동증으로 묶을 대상 차량 선택 한 후에, 오른쪽 끝부분의 '구분' 에서 차량대체/번호변경이 있었던 차량은 내역 선택을 변경한 후에 변경후 차량번호를 옆 칸에 기재해주시면 변경된 차량번호 기준으로 동증요율이 산출됩니다.","자동차보험"
"##Question: 공동물건과 일반물건으로 동일증권 가입 가능한지 알려줘? ##Answer: 가입 가능합니다. 동일증권이란 개인이 소유한 2대이상의 자가용 및 업무용 소형차종 (4종.경화물.경승합)의 보험종기를 일치시켜 하나의 증권으로 보험에 가입하는 경우로 일반 또는 공동 계약 여부는 관계없이 가입사가 동일하게 종기를 맞춰서 가입하는 경우 가능합니다","자동차보험"
"##Question: 할인할증 특징 알려줘? ##Answer: ·Z(Zero), F(Five), P(Protection) 3가지로 구분됨·Z(Zero): 일반등급, 최초 가입시 11Z로 적용됨·F(Five): 동일증권 및 단기할인 시 발생·P(Protection): 장기무사고 보호등급 & 최고 낮은 등급임·단기(단기할인 적용 대상 제외)계약이거나 계약 만료일 전 갱신하지 않으면 P등급은 Z등급으로 전환됨 (사고가 있으면 사고점수에서 1점을 차감하고 Z로 전환됨)","자동차보험"
"##Question: 과실 5대5인 경우 할증 적용되는지 알려줘? ##Answer: 과실이 50%이면 기존과 동일하게 할증됩니다.저과실 할인유예 사고는 평가대상기간에 발생한 사고가 과실 50% 미만 1건일 때에 한합니다.","자동차보험"
"##Question: 무과실이 아닌 피해고객의 경우 사고점수가 몇점이라도 할증이 적용되지 않는지 알려줘? ##Answer: 평가대상기간에 발생한 저과실사고 중 사고점수가 가장 높은 사고 1건에 대해서만 할인할증등급의 할증이 되지 않습니다. 이 경우에도 할인은 3년간 유예가 되며, 사고건수별 할증 평가 시3년 사고건수에는 반영하므로 할증은 됩니다. 다만, 기존보다 할증 폭이 줄어들게 됩니다.","자동차보험"
"##Question: 평가기간 내 저과실사고가 여려 번 발생한 경우 할증되는지 알려줘? ##Answer: 저과실 사고가 여러개 있는 경우라도 사고점수가 가장 높은 사고 1건에 대해서만 할인할증등급의 할증이 되지 않습니다. 사고점수가 동일한 경우 먼저 발생한 사고 1건을 제외합니다. 결론적으로 저과실 사고가 여러 건이 있더라도 2건부터는 현행과 동일하게 할증됩니다.","자동차보험"
"##Question: 저과실사고할인유예 적용 시기 알려줘? ##Answer: 사고접수일자 기준이 아닌 「사고발생일자」 기준입니다. 계약기준으로는 17.12.1일 책임개시계약부터 할인할증에 영향이 있습니다.","자동차보험"
"##Question: 동일증권 알려줘? ##Answer: ① 기명피보험자 개인이② 요율승계 가능한 차종(개인용 승용, 업무용 소형차)으로③ 보험종기를 일치시켜④ 동일한 보험사에⑤ 하나의 증권으로 가입하는 것을 말함","자동차보험"
"##Question: 다수계약특별율 적영중 중도 증차하면 다수계약 특별율 적용되는지 알려줘? ##Answer: 네, 다수계약 특별율 적용받은 증권에 종기 일치할 경우 다수계약 특별율 적용받습니다.","자동차보험"
"##Question: 다수계약특벽요율 반영 방법 알려줘? ##Answer: 차량정보 > 차량상세입력클릭 > 12대 이상의 차량을 동시에 가입하십니까? > 차량대수선택","자동차보험"
"##Question: 동일 법인에 본점과 지점이 피보험자 사업자번호가 다른 경우 다수계약특별율 적용되는지 알려줘? ##Answer: 네, 법인번호 기준이라서 법인번호가 동일한 경우 사업자번호가 달라도 다수계약특별율 적용이 가능합니다.","자동차보험"
"##Question: 할인할증 알려줘? ##Answer: ·과거 사고유무 및 내용으로 보험료를 할인하거나 할증하는 기준·총 29개 등급(1~29등급)으로 구성 (2018.1월 기준)되어 있으며 갱신 시 평가하여 무사고시 등급 쌓임, 사고 시 사고발생실적에 따라 등급이 떨어짐·사고가 없으면 등급이 쌓임(할인)·사고가 있으면 등급이 덜어짐(할증)","자동차보험"
"##Question: 끌차 추가시 배서 처리 방법 알려줘? ##Answer: 차량정보(변경) 배서로 차형태, 용도변경 후 특별요율 부과하시면 됩니다.","자동차보험"
"##Question: 기중기요율 적용 차량 알려줘? ##Answer: 아닙니다. 차종에 따라 기중기 요율, 견인차 요율 등을 부과할 수 있습니다. 정확한 차량용도를 우선 확인해주시고, 트랙터이면 견인차요율 부과+화물차종으로, 고소작업차이면 특수작업용 차종+기중기 요율(상세용도는 이외 기타용도로 선택)로 입력하세요.","자동차보험"
"##Question: 다수계약시 적용하는 할인 요율 알려줘? ##Answer: 업무용차량으로 피보험자(법인)가 12대이상 자동차(공동물건,수반차,이륜차제외) 를 한 보험증권계약 체결시 다수계약 특별요율 적용가능(단, 전차량 일괄특약 가입시 미적용)","자동차보험"
"##Question: 한 보험증권 알려줘? ##Answer: 한 보험증권이란 보험개시일과 종기일이 같은 계약을 말합니다. 즉, 12대 이상의 차량이 보험개시일과 종기일을 일치하게 보험기간1년인 계약이 체결될 때 적용 가능합니다.","자동차보험"
"##Question: 트레일러 연결 차량이 레저장비 특별요율 가입한 경우 사고 보상 여부 알려줘? ##Answer: 레저장비 견인중 위험담보 특별요율’을 적용하였다면 트레일러로 인한 사고 발생시 보상 가능합니다. 단 트레일러 파손을 보상받기 위해서는 트레일러에 대해 별개로 다른 보험(자차)을 가입하셔야 합니다. 트레일러로 인한 사고 - 자차를 제외한 나머지 담보 사고는 견인차량의 담보로 사고처리 가능","자동차보험"
"##Question: 캠핑카 구조변경건 가입설계 방법 알려줘? ##Answer: 구조변경건의 경우, 용도가 변경됐는지 여부에 따라 차종 설계가 달라집니다.(용도변경 無- 기존 차종 유지, 용도변경 有- 구조변경 後차종 적용)해당건 승합3종에서 캠핑카로 정상 구조변경된 경우, (사진내외부 + 등록증) 첨부하여, 차종 재선정 여부 안내 가능합니다. 구조변경 後차종 적용 최종 확인된 건이라면 캠핑카로 차종 재선정하여 재가입되야 합니다.","자동차보험"
"##Question: 캠핑트레일러 가입설계 방법 알려줘? ##Answer: 수반차 트레일러는 동력장치가 없어 다른차량에 연결해서만 운행이 가능한 차량으로. 자동차 가입시 자차담보만 가입가능합니다. 그 외 담보의 사고는 앞에서 끌고가는 차량의 보험에서 보상 가능합니다. (레저장비요율 부과) 설계시 수반차 요율만 부과하시고 자차만 가입하시면 됩니다.","자동차보험"
"##Question: 세이프티로더 적용 특별요율 알려줘? ##Answer: 차종은 화물이며 부과할 특별요율은 없습니다.","자동차보험"
"##Question: 애니카서비스 출동차량 부과 특별요율 알려줘? ##Answer: 부과대상 아닙니다. 출동업무 자동차요율은 소방자동차, 구급자동차, 경찰용자동차, 보안업체 사용차량에 부과됩니다.","자동차보험"
"##Question: 활어운반요율 적용대상 차량 알려줘? ##Answer: 활어운반요율 적용대상은 활어(활어운반목적의 수족관장착 화물차)를 적재·운반하는 차량입니다. 수족관 없이 건해산물을 운반한다면 활어운반요율 부과대상 아닙니다.","자동차보험"
"##Question: 제설차 적용 특별요율 알려줘? ##Answer: 제설차에 부과할 특별요율은 현재 따로 없습니다.","자동차보험"
"##Question: LPG 구조변경 화물차 위험물특별요율 적용 여부 알려줘? ##Answer: 적재물이 아닌 연료 장치의 개조이므로 위험물특별요율 부과대상이 아닙니다.","자동차보험"
"##Question: 자차 미가입시 블랙박스 특약 가입 여부 알려줘? ##Answer: 네 가능합니다. 책임보험만 가입시에도 가능합니다.","자동차보험"
"##Question: 단기계약 블랙박스특약 가입 가능 여부 알려줘? ##Answer: 네. 가능합니다. 보험기간에 관계없이 가입 가능합니다.","자동차보험"
"##Question: GPS 기능 없는 블랙박스 특약 가입 방법 알려줘? ##Answer: GPS기능이 없더라도 녹화기능만 있으면 차량용영상기록장치(블랙박스)장착특약에 가입이 가능합니다.","자동차보험"
"##Question: 블랙박스 가액 입력시 보험료 인상 이유 알려줘? ##Answer: 블랙박스를 부속품에 추가하면 총차량가액이 올라가게 됩니다. 차량용영상기록장치(블랙박스)장착특약 할인율은 4%인데, 블랙박스 가액이 비쌀 경우 보험료가 더 올라갈 수 있습니다","자동차보험"
"##Question: 블랙박스특약 추징 발행 사유 알려줘? ##Answer: 일부 유형의 경우 추징금이 발생할 수 있습니다. 연식이 오래되어 가액은 낮은 차량의 경우 블랙박스를 추가하면서 차량손해 가입금액이 증가하여 자차보험료 상승폭이 블랙박스 할인폭보다 높아 추징이 생길 수 있습니다","자동차보험"
"##Question: 블랙박스특약 가입 가능 차종 알려줘? ##Answer: 개인용 전 차종, 업무용 전 차종*영업용(개인면허자동차 중 화물자동차, 대여 전 차종) 차량에 적용되던 영상기록장치 장착에 관한 특약은 16년 7월 1일 책임개시건부터 폐지 되었습니다.","자동차보험"
"##Question: 덤프트럭 블랙박스특약 가입가능 여부? ##Answer: 네. 건설기계도 업무용의 경우 가입 가능합니다.(단, 영업용 차량은 가입 불가)","자동차보험"
"##Question: 블랙박스 사진 촬영 방법 알려줘? ##Answer: 차량번호판 사진 1매와, 블랙박스가 차량에 장착되어 있음이 명확히 확인 가능한 차량 내부에서 촬영된 사진 1매 첨부해 주시면 됩니다. 신분증은 첨부해 주실 필요 없습니다.","자동차보험"
"##Question: 업무용을 영업용으로 용도변경시 배정 방법 알려줘? ##Answer: 업무용 ↔ 영업용으로 용도변경이 되는 경우는 배정대상이 아닙니다. 차량번호 기준 전가입사로 안내하시기 바랍니다","자동차보험"
"##Question: 공동물건 배정시 항목별 입력기준 알려줘? ##Answer: · 차량번호: 이전등록 차량의 경우 등록전 차량번호로 배정요청 차대번호는 끝자리까지 정확히 입력· 피보험자: 개인 - 주민번호법인 - 법인번호 또는 사업자번호 (보유자코드가 있는 업체는 보유자코드)· 용도: 용도전환 예정시 용도변경전 차량의 등록증상 용도 입력","자동차보험"
"##Question: 이륜차 재등록 배정 방법 알려줘? ##Answer: 용도폐지 증명서 첨부하여 차대번호로 배정요청.","자동차보험"
"##Question: 공동물건 배정대상 알려줘? ##Answer:  전계약이 의무보험인 계약, 신차와 같이 전계약이 없는 경우, 직전계약 및 최종계약(임의보험)의 종료일이 배정일로부터 1년 3개월을 초과한 경우, 영업용 차량의 전가입사가 공제조합인 경우","자동차보험"
"##Question: 일반으로 승인된 건인데, 공동물건으로 가입할 수 있는지 알려줘? ##Answer: 일반으로 인수 불가한 경우에 한해서, 공동인수 가능합니다. 일반물건으로 인수되는 경우는 공동으로 인수 불가합니다","자동차보험"
"##Question: 일반과 공동 상품의 특약 차이 알려줘? ##Answer: 공동상품은 당사 고유상품이 아닌 업계 공통상품으로 당사상품과 상이할 수 있습니다.","자동차보험"
"##Question: 공동물건도 분납계약 체결이 가능한지 알려줘? ##Answer: (보험료자동이체납입 및 자동갱신특약에 미가입시 2회납, 보험료자동이체납입 및 자동갱신특약에 가입시 비연속 2회납, 연속 2회~6회납 가능)","자동차보험"
"##Question: 공동물건에는 차상해 담보 알려줘? ##Answer: 공동물건은 자손담보만 가입 가능합니다.","자동차보험"
"##Question: 시니어특약 할인율 알려줘? ##Answer: 적용보험료의 5% 할인","자동차보험"
"##Question: 무번호확정이 자동으로 진행되지 않는 경우 무번호확정 배서 진행이 필요한지 알려줘? ##Answer: ① 차대번호 17자리가 부정확하게 입력된 경우② 피보험자와 소유자가 일치하지 않는 경우③ 임시(출고)번호로 가입한 경우④ 계약번호에 다른 배서설계가 진행 중인 경우⑤ 차종, 용도와 상이한 상품으로 계약된 경우⑥ 영업용","자동차보험"
"##Question: 보종 변경되는 차량의 경우 어떻게 보험을 가입해야 되는지 알려줘? ##Answer: 보종변경된 차량은 차대번호로 설계해서 가입하셔야 합니다. 가입설계 화면 차량번호 입력 칸 옆 등록확인을 누르지 말고 진행해주세요.해당 버튼을 누르면 자동으로 보종 변경 전 차번호를 유도하므로 주의해야 합니다.","자동차보험"
"##Question: 중고로 구입한 렌트카를 개인용으로 어떻게 등록 하는지 알려줘? ##Answer: 가입설계시 차대번호 설계하여 가입하시고, 등록 후 개인용 번호로 번호확정 하시면 됩니다. (설계단계에서 등록확인 버튼은 클릭하지 마시고 진행하셔야 합니다)","자동차보험"
"##Question: 승용차 설계시에 교습용도 차량이 아닌 경우 설계 방법 알려줘? ##Answer: 승용차를 업무용으로 설계한 경우입니다. 승용차는 교습용인 경우만 업무용으로 설계합니다. 교습용도 차량이 아니시라면 개인용애니카로 설계바랍니다.","자동차보험"
"##Question: 보험료계산시 차량번호가 적합하지 않습니다 의미 알려줘? ##Answer: 차량번호가 의미하는 차종, 용도와 선택된 상품이 다른 경우 발생하는 오류이므로 차종과 용도에 맞는 상품으로 수정해야 합니다. 특히 영업용은 차종별 가입 가능한 상품이 다르므로 주의 바랍니다.","자동차보험"
"##Question: 트레일러(추레라)도 업무용으로 가입한지 알려줘요 ##Answer: 업무용자동차보험으로 가입이 가능하며, 영업용 번호판으로 등록할 경우는 영업용 자동차보험으로 가입하셔야 됩니다. 트레일러는 동력장치가 없어 트렉터에 연결하여 운행이 가능하므로 보통 보험가입시 자차담보만 가입하고 그외 담보 사고시는 앞에서 견인하는 트렉터의 보험으로 보상처리 가능합니다. (견인차요율 부과되어 있어야 함에 주의)","자동차보험"
"##Question: 공동물건도 차대차 한정 담보만 가입 가능한지 알려줘요 ##Answer: 아니오. 18.1월 공동물건에도 자차단독특약 신설되어 자차담보가 차대차한정담보(차대차 및 도난보상)과 자차단독특약으로 구성되었습니다 다만 실제 가입여부는 인수지침에 따릅니다. 단, 건설기계 도난은 자차 면책이므로 차량단독특약으로 보상됩니다.","자동차보험"
"##Question: 영업용택시로 사용하던 차량을 구입해 개인용으로 가입하는 방법 알려줘? ##Answer: 설계의 차량정보 차명코드칸 옆 돋보기를 눌러서 정규차명코드를 선택하여 차량가액 수정 후 오른쪽 차량정보 수정 사유 버튼이 활성화 되면 영업용전환을 선택하시면 됩니다. 차량번호가 없는 경우 차대번호입력 후 등록확인 버튼은 누르지마시고 보험료계산버튼을 누르시면 설계완료됩니다.","자동차보험"
"##Question: 공동물건 알려줘? ##Answer: 자동차보험 공동물건에 위험배분에 관한 상호협정에 의해 일반물건으로 인수가 거부된 물건에 대해 손해보험사가 공동으로 인수하는 것.","자동차보험"
"##Question: 공동으로 승인 되는지 알려줘? ##Answer: 일반물건으로 인수 가능한 경우 공동으로 설계되지 않습니다. 일반으로 설계해야 합니다","자동차보험"
"##Question: 공동물건 배정 알려줘? ##Answer: 모든 손해보험사가 자동차보험 인수를 거부한 경우 자동차보험 공동인수 배분에 관한 상호협정에 따라 계약을 인수할 손해보험사를 확정하는 것","자동차보험"
"##Question: 1년내 공제 이탈 업체 보험사 재가입 방법 알려줘? ##Answer: 보험계약 종료일이 1년 3개월을 초과하지 않았으므로 배정을 받지 않고 기존 보험사로 안내하시면 됩니다.","자동차보험"
"##Question: 다수계약 특별요율 적용 기준 알려줘? ##Answer: 아닙니다. 당사에 12대 이상 가입시 적용받습니다.","자동차보험"
"##Question: 암롤 특별요율 대상 여부 알려줘? ##Answer: 암롤은 특수장비가 아니므로 특별요율을 부과하지 않으셔도 됩니다.","자동차보험"
"##Question: 동일증권 적용 원칙 알려줘? ##Answer: ① 동일증권 갱신: 동일증권 가입 시 개시일&종기일이 같을 때→ 피보험차별 갱신적용등급 합계를 동일증권 부보대수로 산술평균 ② 동일증권 추가: 동일증권 가입 시 종기일은 같으나 개시일은 다를 때 (신규 추가  또는 개별증권에서 동일증권으로 변경 하는 경우가 해당함)→ 추가되는 차량에 사고가 없으면 기존계약 적용등급 적용→ 추가되는 차량에 사고가 있으면 기존계약 적용등급에 사고점수 반영","자동차보험"
"##Question: 나눔특약 가입 프로세스 알려줘? ##Answer: 가입설계화면에서 나눔특약(기초생활), 나눔특약(서민) 등 해당되는 특약 선택→ 증빙서류 스캔 → 심사자 서류 확인후 승인","자동차보험"
"##Question: 애니카서비스 특약 단기계약 횟수 알려줘? ##Answer: 2014.10.16일부터 변경된 애니카서비스특약 단기계약의 경우 3회 제공됩니다.","자동차보험"
"##Question: 다른 차량이 사고가 있으면 동일증권이 유리한지 알려줘? ##Answer: 그렇기 때문에 동일증권이 필요합니다. 동일증권을 묶지 않고 개별로 갱신하면 사고가 없는 차량도 다른차의 사고로 인해 할인이 되지 않고 다른차 사고점수로 인해 할증 될 수 있습니다. 그래서 사고가 있으면 동일증권으로 가입하는 것이 유리합니다.","자동차보험"
"##Question: 동일증권 가입 진행 안되는 이유 알려줘? ##Answer: 동일증권으로 설계진행이 안 되는 유형은 아래와 같습니다. ① 타사에 단기로 가입하여 개발원조회에 계약이 안보이는 경우 → 차량1대를 동일증권 미가입으로 승인, 청약접수까지 진행하고 두 번째 차량을 동일증권 추가로 선택하여 진행해야 함 (단, 수납은 1번차량 먼저 진행) ② 당사계약이 차량대체 또는 번호확정이 안되어 있는 경우 → 배서 먼저 반영 후 진행해야 함","자동차보험"